index,whisky,score,reviews,cost,class,cluster,country,type
1,Ledaig 42yo Dusgadh,9.46,3,6,SingleMalt-like,C,Scotland,Malt
2,Glenfarclas 40yo,9.28,14,6,SingleMalt-like,A,Scotland,Malt
3,Glengoyne 25yo,9.21,14,6,SingleMalt-like,A,Scotland,Malt
4,Amrut Spectrum (Batch 1),9.18,10,5,SingleMalt-like,C,India,Malt
5,Highland Park 40yo,9.17,10,6,SingleMalt-like,C,Scotland,Malt
6,Aberlour A'Bunadh (Batch 49),9.15,7,4,SingleMalt-like,A,Scotland,Malt
7,Balvenie TUN 1401 (all 8 batches),9.14,16,6,SingleMalt-like,A,Scotland,Malt
8,Highland Park 25yo,9.14,14,6,SingleMalt-like,C,Scotland,Malt
9,Highland Park 30yo,9.14,12,6,SingleMalt-like,C,Scotland,Malt
10,Laphroaig 25yo,9.14,18,6,SingleMalt-like,C,Scotland,Malt
11,Amrut Spectrum (all batches),9.13,10,5,SingleMalt-like,C,India,Malt
12,Yamazaki 18yo,9.13,21,5,SingleMalt-like,C,Japan,Malt
13,Aberlour A'Bunadh (Batch 33),9.12,5,4,SingleMalt-like,A,Scotland,Malt
14,Amrut Greedy Angels (8yo and 10yo),9.12,8,6,SingleMalt-like,C,India,Malt
15,Amrut Spectrum 004 (Batch 2),9.12,3,5,SingleMalt-like,C,India,Malt
16,Compass Box Last Vatted Malt,9.11,4,5,SingleMalt-like,C,Scotland,Malt
17,Kavalan Solist Amontillado Cask,9.11,4,6,SingleMalt-like,A,Taiwan,Malt
18,Nikka Single Cask Coffey Malt 12yo,9.11,9,5,SingleMalt-like,C,Japan,Malt
19,Redbreast 21yo,9.11,17,5,SingleMalt-like,C,Ireland,Malt
20,Tamdhu 30yo (MacPhail Collection 2009),9.11,3,5,SingleMalt-like,A,Scotland,Malt
21,Aberlour A'Bunadh (Batch 37),9.1,3,4,SingleMalt-like,A,Scotland,Malt
22,Aberlour A'Bunadh (Batch 40),9.09,4,4,SingleMalt-like,A,Scotland,Malt
23,Highland Park 16yo Odin,9.08,7,6,SingleMalt-like,C,Scotland,Malt
24,Sheep Dip Old Hebridean 1990 Blended Malt,9.08,6,4,SingleMalt-like,C,Scotland,Malt
25,Yamazaki Sherry Cask (all vintages),9.08,11,6,SingleMalt-like,A,Japan,Malt
26,Aberlour A'Bunadh (Batch 52),9.07,4,4,SingleMalt-like,A,Scotland,Malt
27,Highland Park 18yo,9.07,25,5,SingleMalt-like,C,Scotland,Malt
28,Kavalan Solist PX Cask,9.07,6,6,SingleMalt-like,A,Taiwan,Malt
29,Bowmore Springtide,9.06,4,5,SingleMalt-like,C,Scotland,Malt
30,GlenDronach Cask Strength (batch 1),9.06,6,4,SingleMalt-like,A,Scotland,Malt
31,Kavalan Solist Manzanilla Cask,9.06,4,6,SingleMalt-like,C,Taiwan,Malt
32,Kavalan Solist Sherry Cask,9.06,18,5,SingleMalt-like,A,Taiwan,Malt
33,BenRiach 18yo Albariza Pedro Ximenez Peated,9.04,7,5,SingleMalt-like,C,Scotland,Malt
34,Aberlour A'Bunadh (Batch 39),9.03,8,4,SingleMalt-like,A,Scotland,Malt
35,Aberlour A'Bunadh (Batch 53),9.03,4,4,SingleMalt-like,A,Scotland,Malt
36,GlenDronach Cask Strength (batch 2),9.03,7,4,SingleMalt-like,A,Scotland,Malt
37,Kilchoman Port Cask Matured,9.03,8,5,SingleMalt-like,C,Scotland,Malt
38,Benromach 10yo Cask Strength (100 proof),9.02,14,4,SingleMalt-like,C,Scotland,Malt
39,Highland Park 15yo Loki,9.02,16,6,SingleMalt-like,C,Scotland,Malt
40,Karuizawa 1990 Sherry Butt,9.02,4,6,SingleMalt-like,A,Japan,Malt
41,GlenDronach vintage 20yo Single Cask (all vintages),9.01,14,5,SingleMalt-like,A,Scotland,Malt
42,Aberlour A'Bunadh (Batch 35),9,5,4,SingleMalt-like,A,Scotland,Malt
43,Bruichladdich 21yo Cuví©e 407 PX,9,4,6,SingleMalt-like,A,Scotland,Malt
44,Aberlour A'Bunadh (Batch 36),8.99,4,4,SingleMalt-like,A,Scotland,Malt
45,Arran Malt 21st Anniversary Edition,8.99,5,5,SingleMalt-like,C,Scotland,Malt
46,Bladnoch 12yo Sherry Cask (Sheep label),8.99,3,5,SingleMalt-like,C,Scotland,Malt
47,Kavalan Solist Fino Sherry Cask,8.99,12,6,SingleMalt-like,A,Taiwan,Malt
48,Kavalan Solist Vinho Barrique,8.99,15,5,SingleMalt-like,A,Taiwan,Malt
49,Springbank 21yo,8.99,12,6,SingleMalt-like,C,Scotland,Malt
50,Aberlour A'Bunadh (Batch 45),8.98,7,4,SingleMalt-like,A,Scotland,Malt
51,Amrut Portonova,8.98,18,4,SingleMalt-like,C,India,Malt
52,Bunnahabhain 18yo,8.98,18,5,SingleMalt-like,C,Scotland,Malt
53,Glenmorangie Signet,8.98,20,5,SingleMalt-like,C,Scotland,Malt
54,Amrut Intermediate Sherry,8.97,19,4,SingleMalt-like,B,India,Malt
55,Amrut PX Sherry Single Cask 2696 (LCBO),8.97,6,5,SingleMalt-like,B,India,Malt
56,BenRiach 17yo Solstice Peated Port (both editions),8.97,14,4,SingleMalt-like,C,Scotland,Malt
57,Hakushu Sherry Cask,8.97,7,6,SingleMalt-like,B,Japan,Malt
58,Nikka Taketsuru 21yo,8.97,17,5,SingleMalt-like,C,Japan,Malt
59,Aberlour A'Bunadh (Batch 30),8.96,6,4,SingleMalt-like,A,Scotland,Malt
60,Aberlour A'Bunadh (Batch 47),8.96,10,4,SingleMalt-like,A,Scotland,Malt
61,Glenlivet Alpha,8.96,4,6,SingleMalt-like,C,Scotland,Malt
62,Aberlour A'Bunadh (Batch 54),8.95,6,4,SingleMalt-like,A,Scotland,Malt
63,Balvenie TUN 1509 (all 3 batches),8.95,13,6,SingleMalt-like,B,Scotland,Malt
64,BenRiach 17yo Solstice 2nd Peated Port Finish,8.95,14,4,SingleMalt-like,C,Scotland,Malt
65,GlenDronach vintage 19yo Single Cask (all vintages),8.95,14,5,SingleMalt-like,A,Scotland,Malt
66,Tomatin 40yo,8.95,3,6,SingleMalt-like,C,Scotland,Malt
67,Aberlour A'Bunadh (all batches),8.94,25,4,SingleMalt-like,A,Scotland,Malt
68,BenRiach 35yo,8.94,5,6,SingleMalt-like,A,Scotland,Malt
69,Box PX - Pedro Ximí©nez Finish,8.94,6,5,SingleMalt-like,C,Sweden,Malt
70,GlenDronach Cask Strength (batch 3),8.94,7,4,SingleMalt-like,A,Scotland,Malt
71,GlenDronach Cask Strength (batch 4),8.93,12,4,SingleMalt-like,A,Scotland,Malt
72,Glengoyne 40yo,8.93,3,6,SingleMalt-like,A,Scotland,Malt
73,Macallan Cask Strength,8.93,16,6,SingleMalt-like,A,Scotland,Malt
74,BenRiach 17yo Solstice 1st Peated Port Finish,8.92,4,4,SingleMalt-like,C,Scotland,Malt
75,GlenDronach Cask Strength (batch 6),8.92,4,4,SingleMalt-like,A,Scotland,Malt
76,GlenDronach Cask Strength (all batches),8.91,19,4,SingleMalt-like,A,Scotland,Malt
77,Glenlivet XXV 25yo,8.91,11,6,SingleMalt-like,C,Scotland,Malt
78,Longrow Red 11yo Australian Shiraz,8.91,7,5,SingleMalt-like,C,Scotland,Malt
79,Aberlour A'Bunadh (Batch 46),8.9,4,4,SingleMalt-like,A,Scotland,Malt
80,Bowmore 15yo Laimrig,8.9,17,4,SingleMalt-like,C,Scotland,Malt
81,Highland Park 16yo Thor,8.9,12,6,SingleMalt-like,C,Scotland,Malt
82,Highland Park 21yo,8.9,16,6,SingleMalt-like,C,Scotland,Malt
83,Macallan 18yo Sherry Oak,8.9,19,6,SingleMalt-like,A,Scotland,Malt
84,Amrut Kadhambam,8.89,14,4,SingleMalt-like,C,India,Malt
85,Amrut PX Sherry Single Cask 3516 (SAQ),8.88,6,4,SingleMalt-like,B,India,Malt
86,GlenDronach 15yo Revival,8.88,22,4,SingleMalt-like,A,Scotland,Malt
87,Glengoyne 21yo,8.88,17,5,SingleMalt-like,A,Scotland,Malt
88,Laphroaig Cairdeas 2013 Port Wood,8.88,14,4,SingleMalt-like,C,Scotland,Malt
89,Macallan 10yo Sherry Oak Cask Strength,8.88,6,6,SingleMalt-like,A,Scotland,Malt
90,Aberlour A'Bunadh (Batch 34),8.87,5,4,SingleMalt-like,A,Scotland,Malt
91,Kavalan Brandy Oak,8.87,3,5,SingleMalt-like,A,Taiwan,Malt
92,Kilchoman Loch Gorm,8.87,21,4,SingleMalt-like,C,Scotland,Malt
93,Kilchoman PX Sherry Finish,8.87,7,5,SingleMalt-like,C,Scotland,Malt
94,Scallywag 13yo,8.87,4,4,SingleMalt-like,B,Switzerland,Malt
95,Springbank 12yo Cask Strength,8.87,19,4,SingleMalt-like,C,Scotland,Malt
96,White Oak Akashi 14yo,8.87,3,6,SingleMalt-like,C,Japan,Malt
97,Aberlour A'Bunadh (Batch 58),8.86,3,4,SingleMalt-like,A,Scotland,Malt
98,AnCnoc 1975,8.86,4,6,SingleMalt-like,B,Scotland,Malt
99,Glenlivet Nadurra 16yo,8.86,23,4,SingleMalt-like,C,Scotland,Malt
100,Balblair 1990 Second Release,8.85,11,5,SingleMalt-like,C,Scotland,Malt
101,Bunnahabhain 25yo,8.85,16,6,SingleMalt-like,B,Scotland,Malt
102,GlenDronach 12yo Sauternes Cask Finish,8.85,6,4,SingleMalt-like,A,Scotland,Malt
103,Glenmorangie Companta,8.85,14,5,SingleMalt-like,C,Scotland,Malt
104,Longrow Red 12yo Pinot Noir Finish,8.85,7,5,SingleMalt-like,C,Scotland,Malt
105,Smogen Sherry Project 1:2,8.85,3,4,SingleMalt-like,C,Sweden,Malt
106,BenRiach 18yo Latada,8.84,7,5,SingleMalt-like,B,Scotland,Malt
107,Bowmore 25yo,8.84,9,6,SingleMalt-like,C,Scotland,Malt
108,Macallan 25yo Sherry Oak,8.84,8,6,SingleMalt-like,A,Scotland,Malt
109,Smogen Sherry Project 1:4,8.84,5,4,SingleMalt-like,C,Sweden,Malt
110,Highland Park Full Volume,8.83,9,4,SingleMalt-like,C,Scotland,Malt
111,Longmorn 15yo,8.83,8,5,SingleMalt-like,C,Scotland,Malt
112,Aberlour 12yo Non-Chill-Filtered,8.82,13,3,SingleMalt-like,B,Scotland,Malt
113,Aberlour A'Bunadh (Batch 32),8.82,4,4,SingleMalt-like,A,Scotland,Malt
114,Compass Box This is Not a Luxury Whisky,8.82,13,5,SingleMalt-like,C,Scotland,Malt
115,Glengoyne Teapot Dram (all batches),8.82,6,5,SingleMalt-like,A,Scotland,Malt
116,Glenlivet Nadurra Cask Strength (NAS),8.82,3,4,SingleMalt-like,C,Scotland,Malt
117,Green Spot Chateau Leoville Barton,8.82,9,4,SingleMalt-like,C,Ireland,Blend
118,Amrut PX Sherry Single Cask (all casks),8.81,13,4,SingleMalt-like,A,India,Malt
119,Laphroaig PX Triple Matured,8.81,17,4,SingleMalt-like,C,Scotland,Malt
120,GlenDronach Cask Strength (batch 5),8.8,8,4,SingleMalt-like,A,Scotland,Malt
121,Balvenie 21yo Port Wood,8.79,18,5,SingleMalt-like,A,Scotland,Malt
122,Glen Garioch 15yo Renaissance Chapter 1,8.79,6,4,SingleMalt-like,C,Scotland,Malt
123,Kavalan Solist Port Cask,8.79,7,5,SingleMalt-like,C,Scotland,Malt
124,Royal Brackla 21yo,8.79,4,5,SingleMalt-like,C,Scotland,Malt
125,Aberlour A'Bunadh (Batch 42),8.78,3,4,SingleMalt-like,A,Scotland,Malt
126,Aberlour A'Bunadh (Batch 48),8.78,4,4,SingleMalt-like,A,Scotland,Malt
127,Bowmore 10yo Devil's Cask (all batches),8.78,18,5,SingleMalt-like,C,Scotland,Malt
128,Glenfiddich Snow Pheonix,8.78,10,6,SingleMalt-like,C,Scotland,Malt
129,Millstone 12yo Sherry Cask,8.78,8,4,SingleMalt-like,C,Netherlands,Malt
130,Arran Malt Amarone Cask Finish,8.77,13,3,SingleMalt-like,B,Scotland,Malt
131,Jura Brooklyn,8.77,6,4,SingleMalt-like,C,Scotland,Malt
132,Longrow Red 11yo Port Cask,8.77,14,4,SingleMalt-like,C,Scotland,Malt
133,Smogen Sherry Project 1:3,8.77,3,4,SingleMalt-like,C,Sweden,Malt
134,Aberlour 18yo,8.76,13,4,SingleMalt-like,A,Scotland,Malt
135,Arran Malt Sassicaia Wine Cask Finish,8.76,5,5,SingleMalt-like,C,Scotland,Malt
136,Glenfarclas 17yo,8.76,19,5,SingleMalt-like,B,Scotland,Malt
137,Macallan 1824 Ruby,8.76,13,5,SingleMalt-like,A,Scotland,Malt
138,Aberlour A'Bunadh (Batch 50),8.75,7,4,SingleMalt-like,A,Scotland,Malt
139,Benromach 15yo,8.75,12,4,SingleMalt-like,C,Scotland,Malt
140,Scallywag Cask Strength (all batches),8.75,5,4,SingleMalt-like,C,Switzerland,Malt
141,GlenDronach 18yo Allardice,8.74,18,5,SingleMalt-like,A,Scotland,Malt
142,GlenDronach 18yo Tawny Port Finish,8.74,6,5,SingleMalt-like,A,Scotland,Malt
143,Glenfarclas 105,8.74,24,4,SingleMalt-like,C,Scotland,Malt
144,Glenfarclas 25yo,8.74,14,5,SingleMalt-like,C,Scotland,Malt
145,Glenmorangie Nectar d'Or,8.74,22,4,SingleMalt-like,A,Scotland,Malt
146,Longmorn 16yo,8.74,17,4,SingleMalt-like,C,Scotland,Malt
147,Redbreast Lustau Edition,8.74,13,4,SingleMalt-like,C,Ireland,Malt
148,AnCnoc 22yo,8.73,9,5,SingleMalt-like,C,Scotland,Malt
149,Glengoyne Cask Strength (batch 1),8.73,4,4,SingleMalt-like,B,Scotland,Malt
150,Glenrothes Minister's Reserve,8.73,4,5,SingleMalt-like,A,Scotland,Malt
151,Highland Park 15yo Fire,8.73,10,6,SingleMalt-like,C,Scotland,Malt
152,Springbank 13yo Green,8.73,6,4,SingleMalt-like,C,Scotland,Malt
153,Teerenpeli Distilleräó»s Choice KARHI,8.73,3,4,SingleMalt-like,C,Finland,Malt
154,GlenDronach 21yo Parliament,8.72,19,5,SingleMalt-like,A,Scotland,Malt
155,Macallan 1824 Sienna,8.71,18,5,SingleMalt-like,C,Scotland,Malt
156,Oban Distillers Edition (all vintages),8.71,15,4,SingleMalt-like,C,Scotland,Malt
157,Sheep Dip 1999 Amoroso Blended Malt,8.71,3,3,SingleMalt-like,C,Scotland,Malt
158,Smogen Sherry Project 1:1,8.71,3,4,SingleMalt-like,C,Sweden,Malt
159,Springbank 15yo,8.71,19,5,SingleMalt-like,C,Scotland,Malt
160,Amrut Bengal Tiger PX Single Cask (Canada),8.7,4,4,SingleMalt-like,C,India,Malt
161,Macallan 1824 Rare Cask,8.7,10,6,SingleMalt-like,A,Scotland,Malt
162,Ohishi Sherry Cask,8.7,4,4,SingleMalt-like,A,Scotland,Malt
163,Highland Park 15yo,8.69,13,4,SingleMalt-like,C,Scotland,Malt
164,Knappogue Castle 16yo Twin Wood,8.69,6,4,SingleMalt-like,C,Ireland,Malt
165,Mortlach 15yo (Gordon & MacPhail),8.69,13,4,SingleMalt-like,C,Scotland,Malt
166,Aberlour 16yo Double Cask Matured,8.68,13,4,SingleMalt-like,A,Scotland,Malt
167,Glencadam 14yo Oloroso Sherry Cask Finish,8.68,5,4,SingleMalt-like,C,Scotland,Malt
168,GlenDronach 18yo Marsala Finish,8.68,4,5,SingleMalt-like,B,Scotland,Malt
169,Glengoyne Cask Strength (batch 2),8.68,3,4,SingleMalt-like,B,Scotland,Malt
170,Glenmorangie A Midwinter Nightäó»s Dram,8.68,5,5,SingleMalt-like,A,Scotland,Malt
171,Glenmorangie Taghta,8.68,10,5,SingleMalt-like,C,Scotland,Malt
172,Mortlach 16yo (F&F),8.68,9,5,SingleMalt-like,C,Scotland,Malt
173,Tomatin 18yo,8.68,11,4,SingleMalt-like,C,Scotland,Malt
174,Aberlour A'Bunadh (Batch 38),8.67,3,4,SingleMalt-like,A,Scotland,Malt
175,Arran Malt Madeira Wine Cask,8.67,12,4,SingleMalt-like,C,Scotland,Malt
176,BenRiach 12yo Matured in Sherry Wood,8.67,14,3,SingleMalt-like,B,Scotland,Malt
177,Sullivans Cove French Oak,8.67,8,6,SingleMalt-like,C,Tasmania,Malt
178,Hazelburn 12yo (Springbank),8.66,18,4,SingleMalt-like,C,Scotland,Malt
179,Karuizawa Asama Vintages 1999-2000,8.66,9,6,SingleMalt-like,C,Japan,Malt
180,Kilchoman Sherry Single Cask,8.66,14,5,SingleMalt-like,C,Scotland,Malt
181,Redbreast Mano a Líçmh,8.66,4,3,SingleMalt-like,C,Ireland,Malt
182,Balvenie 17yo Doublewood,8.65,15,5,SingleMalt-like,C,Scotland,Malt
183,BenRiach 21yo Tawny Port Finish,8.65,3,5,SingleMalt-like,C,Scotland,Malt
184,Swiss Highland Classic Single Malt,8.65,4,5,SingleMalt-like,C,Switzerland,Malt
185,Tamdhu Batch Strength (both batches),8.65,10,4,SingleMalt-like,A,Scotland,Malt
186,Highland Park Magnus (2017),8.64,8,3,SingleMalt-like,C,Scotland,Malt
187,Ledaig 18yo,8.64,9,5,SingleMalt-like,C,Scotland,Malt
188,Macallan Reflexion,8.64,3,6,SingleMalt-like,A,Scotland,Malt
189,Highland Park Valkyrie,8.63,11,4,SingleMalt-like,C,Scotland,Malt
190,Macallan 25yo Fine Oak,8.63,3,6,SingleMalt-like,C,Scotland,Malt
191,AnCnoc 2000,8.62,4,4,SingleMalt-like,C,Scotland,Malt
192,Glenfarclas 15yo,8.62,18,4,SingleMalt-like,B,Scotland,Malt
193,Glenfarclas 21yo,8.62,16,5,SingleMalt-like,B,Scotland,Malt
194,Glenfiddich 21yo Gran Reserva,8.62,15,5,SingleMalt-like,C,Scotland,Malt
195,Glengoyne Cask Strength (all batches),8.62,13,4,SingleMalt-like,B,Scotland,Malt
196,Kavalan Sherry Oak,8.62,6,5,SingleMalt-like,B,Taiwan,Malt
197,Aberlour A'Bunadh (Batch 57),8.61,5,4,SingleMalt-like,A,Scotland,Malt
198,Bowmore 15yo Darkest,8.61,23,4,SingleMalt-like,C,Scotland,Malt
199,Glengoyne Cask Strength (batch 4),8.61,5,4,SingleMalt-like,B,Scotland,Malt
200,Tomatin 14yo Portwood,8.61,10,4,SingleMalt-like,C,Scotland,Malt
201,Ardbeg Galileo,8.6,17,6,SingleMalt-like,C,Scotland,Malt
202,Balvenie 16yo Triple Cask,8.6,9,4,SingleMalt-like,A,Scotland,Malt
203,GlenDronach 12yo Original,8.59,22,3,SingleMalt-like,A,Scotland,Malt
204,Glenfarclas 12yo,8.59,21,3,SingleMalt-like,C,Scotland,Malt
205,Glenfiddich 15yo Solera,8.59,26,4,SingleMalt-like,A,Scotland,Malt
206,Spirit of Hven Sankt Claus,8.59,3,5,SingleMalt-like,C,Sweden,Malt
207,Aberfeldy 18yo,8.58,8,4,SingleMalt-like,C,Scotland,Malt
208,Macallan 12yo Sherry Oak,8.58,23,4,SingleMalt-like,A,Scotland,Malt
209,Santis Alpstein (all editions),8.58,3,5,SingleMalt-like,C,Switzerland,Malt
210,Tomatin Oloroso Sherry 1995,8.58,4,5,SingleMalt-like,C,Scotland,Malt
211,Glengoyne 12yo Cask Strength,8.57,10,4,SingleMalt-like,B,Scotland,Malt
212,Glengoyne 18yo,8.57,13,5,SingleMalt-like,C,Scotland,Malt
213,Glenmorangie Quinta Ruban,8.57,25,3,SingleMalt-like,B,Scotland,Malt
214,Tobermory 15yo,8.57,15,5,SingleMalt-like,C,Scotland,Malt
215,Tyrconnell 10yo Port Cask Finish,8.57,11,4,SingleMalt-like,B,Ireland,Malt
216,Westland Winter 2016,8.57,5,4,SingleMalt-like,C,USA,Malt
217,Arran Malt Port Cask Finish,8.56,12,3,SingleMalt-like,C,Scotland,Malt
218,Bowmore 12yo Enigma,8.56,12,2,SingleMalt-like,C,Scotland,Malt
219,Bunnahabhain Moine,8.56,9,3,SingleMalt-like,C,Scotland,Malt
220,Macallan 30yo Fine Oak,8.56,6,6,SingleMalt-like,C,Scotland,Malt
221,Amrut Naarangi,8.55,10,5,SingleMalt-like,C,India,Malt
222,Longrow Red 14yo Burgundy Wood,8.55,5,5,SingleMalt-like,C,Scotland,Malt
223,Teerenpeli Distilleräó»s Choice AURA,8.55,3,5,SingleMalt-like,C,Finland,Malt
224,Arran Malt Sherry Single Cask,8.54,10,4,SingleMalt-like,C,Scotland,Malt
225,Dalmore 18yo,8.54,14,5,SingleMalt-like,C,Scotland,Malt
226,Glengoyne 12yo,8.54,10,3,SingleMalt-like,B,Scotland,Malt
227,Glenmorangie Dornoch,8.54,8,4,SingleMalt-like,C,Scotland,Malt
228,Glenmorangie Duthac,8.54,8,4,SingleMalt-like,C,Scotland,Malt
229,Macallan Whisky Maker's Edition,8.54,14,4,SingleMalt-like,A,Scotland,Malt
230,Mackmyra Midvinter,8.54,3,3,SingleMalt-like,C,Sweden,Malt
231,Talisker Port Ruighe,8.54,19,4,SingleMalt-like,C,Scotland,Malt
232,Balblair 1989,8.53,11,5,SingleMalt-like,C,Scotland,Malt
233,Penderyn Portwood,8.53,6,3,SingleMalt-like,C,Wales,Malt
234,Redbreast All Sherry Single Cask 1999,8.53,5,5,SingleMalt-like,A,Ireland,Malt
235,Glengoyne 15yo,8.52,10,4,SingleMalt-like,B,Scotland,Malt
236,Amrut PX Sherry Single Cask 2701,8.51,3,4,SingleMalt-like,B,India,Malt
237,Dalwhinnie Distillers Edition,8.51,9,4,SingleMalt-like,C,Scotland,Malt
238,Glen Moray Classic Sherry Cask finish,8.51,4,2,SingleMalt-like,B,Scotland,Malt
239,Glenglassaugh 26yo,8.51,5,6,SingleMalt-like,A,Scotland,Malt
240,Kilchoman Madeira Cask Matured,8.51,9,5,SingleMalt-like,C,Scotland,Malt
241,Jura 16yo Diurach's Own,8.49,15,4,SingleMalt-like,C,Scotland,Malt
242,Smogen Primí_r,8.49,4,5,SingleMalt-like,C,Sweden,Malt
243,Aberfeldy 16yo,8.48,4,4,SingleMalt-like,C,Scotland,Malt
244,Bushmills 16yo Single Malt,8.48,18,4,SingleMalt-like,B,Ireland,Malt
245,Dalmore Cigar Malt,8.48,6,3,SingleMalt-like,C,Scotland,Malt
246,Glenfiddich 19yo Age of Discovery (Madeira Cask),8.48,13,5,SingleMalt-like,A,Scotland,Malt
247,Glengoyne Cask Strength (batch 3),8.48,6,4,SingleMalt-like,B,Scotland,Malt
248,Highland Park Dark Origins,8.48,20,4,SingleMalt-like,C,Scotland,Malt
249,Teeling Single Malt,8.47,8,4,SingleMalt-like,C,Ireland,Malt
250,Highland Park 12yo Saint Magnus,8.45,5,4,SingleMalt-like,C,Scotland,Malt
251,BenRiach 15yo Tawny Port Finish,8.44,13,4,SingleMalt-like,C,Scotland,Malt
252,Longrow Red 11yo Cabernet Sauvignon,8.44,11,5,SingleMalt-like,C,Scotland,Malt
253,Glenlivet Nadurra Oloroso,8.43,12,4,SingleMalt-like,A,Scotland,Malt
254,Glenmorangie Milsean,8.43,11,5,SingleMalt-like,A,Scotland,Malt
255,Glentauchers 1991 18yo (Gordon & MacPhail),8.43,3,4,SingleMalt-like,B,Scotland,Malt
256,Lismore 21yo,8.43,3,5,SingleMalt-like,C,Scotland,Malt
257,Macallan 10yo Sherry Oak,8.42,11,3,SingleMalt-like,A,Scotland,Malt
258,Wemyss Malts The Spice King,8.42,13,3,SingleMalt-like,C,Scotland,Malt
259,Westland Sherry Wood,8.42,13,4,SingleMalt-like,B,USA,Malt
260,Balvenie 12yo Doublewood,8.41,23,4,SingleMalt-like,A,Scotland,Malt
261,Blair Athol 12yo (F&F),8.41,8,3,SingleMalt-like,C,Scotland,Malt
262,Glenmorangie Lasanta,8.41,21,3,SingleMalt-like,A,Scotland,Malt
263,Bruichladdich Rocks,8.38,10,4,SingleMalt-like,C,Scotland,Malt
264,Bushmills Black Bush,8.38,22,2,SingleMalt-like,C,Ireland,Blend
265,Glen Garioch 1999 Sherry Cask Matured,8.38,7,4,SingleMalt-like,B,Scotland,Malt
266,GlenDronach 14yo Sauternes Cask Finish,8.38,6,4,SingleMalt-like,A,Scotland,Malt
267,GlenDronach 15yo Tawny Port Finish,8.38,5,4,SingleMalt-like,A,Scotland,Malt
268,Singleton of Glen Ord 18yo,8.38,3,4,SingleMalt-like,C,Scotland,Malt
269,Bladnoch 15yo Adela,8.36,4,5,SingleMalt-like,C,Scotland,Malt
270,Jura 21yo,8.36,6,5,SingleMalt-like,C,Scotland,Malt
271,Aberlour 12yo Double Cask Matured,8.35,17,3,SingleMalt-like,B,Scotland,Malt
272,Bladnoch Samsara,8.35,3,4,SingleMalt-like,C,Scotland,Malt
273,Glen Garioch 16yo Renaissance Chapter II,8.35,4,4,SingleMalt-like,C,Scotland,Malt
274,Glenfarclas 10yo,8.35,16,3,SingleMalt-like,B,Scotland,Malt
275,Tomatin Cu Bocan Sherry Edition,8.35,4,4,SingleMalt-like,C,Scotland,Malt
276,Arran Malt Pomerol Bordeaux Cask Finish,8.34,8,4,SingleMalt-like,C,Scotland,Malt
277,Dalmore King Alexander III,8.34,10,5,SingleMalt-like,C,Scotland,Malt
278,Glencadam 12yo Port Wood Finish,8.34,6,3,SingleMalt-like,C,Scotland,Malt
279,Tyrconnell 10yo Sherry Cask Finish,8.34,7,4,SingleMalt-like,B,Ireland,Malt
280,Balvenie 12yo Triple Cask,8.33,11,4,SingleMalt-like,A,Scotland,Malt
281,Dalmore Cigar Malt Reserve,8.33,12,5,SingleMalt-like,C,Scotland,Malt
282,Benrinnes 15yo F&F,8.32,7,4,SingleMalt-like,C,Scotland,Malt
283,Dalmore 15yo,8.31,20,4,SingleMalt-like,C,Scotland,Malt
284,Jura 12yo Elixir,8.31,10,3,SingleMalt-like,C,Scotland,Malt
285,Arran Malt Sherry Cask Finish,8.3,11,5,SingleMalt-like,C,Scotland,Malt
286,Glenfiddich Malt Master's Edition,8.3,7,4,SingleMalt-like,A,Scotland,Malt
287,Kavalan Concertmaster Port Cask,8.3,20,4,SingleMalt-like,C,Taiwan,Malt
288,Aberlour 10yo,8.27,15,2,SingleMalt-like,C,Scotland,Malt
289,Auchentoshan Three Wood,8.27,23,4,SingleMalt-like,A,Scotland,Malt
290,Jura 21yo 200th Anniversary,8.27,4,5,SingleMalt-like,C,Scotland,Malt
291,Writers Tears Red Head Single Malt,8.27,4,3,SingleMalt-like,C,Irish,Malt
292,Macallan 1824 Select Oak,8.26,12,3,SingleMalt-like,C,Scotland,Malt
293,Bowmore Black Rock,8.25,9,2,SingleMalt-like,C,Scotland,Malt
294,Wemyss Malts Velvet Fig,8.25,5,3,SingleMalt-like,A,Scotland,Malt
295,Glenfiddich Reserve Cask,8.24,8,3,SingleMalt-like,A,Scotland,Malt
296,Glen Moray 16yo,8.23,6,3,SingleMalt-like,C,Scotland,Malt
297,Glenrothes Robur Reserve,8.22,6,2,SingleMalt-like,B,Scotland,Malt
298,Tullibardine 500 Sherry Finish,8.22,8,3,SingleMalt-like,C,Scotland,Malt
299,Mackmyra Blomstertid,8.2,3,4,SingleMalt-like,C,Sweden,Malt
300,Ben Nevis 10yo,8.17,11,3,SingleMalt-like,C,Scotland,Malt
301,Bushmills 21yo Single Malt,8.16,12,5,SingleMalt-like,C,Ireland,Malt
302,Bushmills Sherry Cask Reserve,8.16,3,4,SingleMalt-like,C,Ireland,Malt
303,Singleton of Dufftown Tailfire,8.14,3,2,SingleMalt-like,C,Scotland,Malt
304,Glenrothes Sherry Cask Reserve,8.13,10,4,SingleMalt-like,A,Scotland,Malt
305,Dalmore Gran Reserva,8.07,9,3,SingleMalt-like,C,Scotland,Malt
306,Laphroaig Select,8.04,15,3,SingleMalt-like,C,Scotland,Malt
307,Jura 16yo,7.98,5,4,SingleMalt-like,C,Scotland,Malt
308,Tullibardine 1993 Port,7.98,5,4,SingleMalt-like,B,Scotland,Malt
309,Longmorn Distiller's Choice,7.97,8,4,SingleMalt-like,C,Scotland,Malt
310,Royal Lochnagar 12yo,7.95,12,2,SingleMalt-like,C,Scotland,Malt
311,Amrut PX Sherry Single Cask 2702,7.92,3,4,SingleMalt-like,B,India,Malt
312,Jura Turas Mara,7.92,5,2,SingleMalt-like,C,Scotland,Malt
313,Penderyn Madeira,7.89,13,4,SingleMalt-like,B,Wales,Malt
314,Penderyn Sherrywood,7.73,10,4,SingleMalt-like,B,Wales,Malt
315,Singleton of Dufftown Spey Cascade,7.49,3,2,SingleMalt-like,C,Scotland,Malt
316,Penderyn Legend,7.48,4,3,SingleMalt-like,B,Wales,Malt
317,Ichiro's Malt The Joker,9.23,4,6,SingleMalt-like,F,Japan,Malt
318,Bunnahabhain 40yo,9.14,6,6,SingleMalt-like,F,Scotland,Malt
319,Amrut 6yo Virgin Oak Single Cask,9.13,4,4,SingleMalt-like,E,India,Malt
320,Hibiki 21yo,9.13,9,6,SingleMalt-like,E,Japan,Blend
321,Bruichladdich Black Art 3.x 1989,9.09,12,6,SingleMalt-like,E,Scotland,Malt
322,Amrut Double Cask,9.08,7,4,SingleMalt-like,E,India,Malt
323,Glencadam 25yo,9.08,3,6,SingleMalt-like,E,Scotland,Malt
324,GlenDronach 19yo Madeira Finish,9.05,4,5,SingleMalt-like,E,Scotland,Malt
325,Glenfiddich 30yo,9.05,3,6,SingleMalt-like,E,Scotland,Malt
326,Midleton Dair Ghaelach,9.05,8,5,SingleMalt-like,E,Ireland,Blend
327,Macallan Edition No. 3,9.04,3,5,SingleMalt-like,E,Scotland,Malt
328,Cragganmore 25yo,9.03,4,6,SingleMalt-like,E,Scotland,Malt
329,Redbreast 12yo Cask Strength,9.03,19,4,SingleMalt-like,E,Ireland,Malt
330,Bruichladdich Black Art 2.x 1989,9.02,8,6,SingleMalt-like,E,Scotland,Malt
331,Mackmyra Reserve Single Cask (various casks),9.01,7,5,SingleMalt-like,E,Sweden,Malt
332,Craigellachie 23yo,8.98,8,6,SingleMalt-like,E,Scotland,Malt
333,Compass Box 3yo Deluxe,8.96,9,6,SingleMalt-like,F,Scotland,Malt
334,Yamazaki Mizunara,8.95,8,6,SingleMalt-like,E,Japan,Malt
335,Aultmore 25yo,8.94,4,6,SingleMalt-like,E,Scotland,Malt
336,Box The 2nd Step Collection 02,8.94,6,5,SingleMalt-like,E,Sweden,Malt
337,Arran Malt 18yo,8.93,16,5,SingleMalt-like,E,Scotland,Malt
338,Kavalan ex-Bourbon Oak,8.93,5,4,SingleMalt-like,E,Taiwan,Malt
339,Tomatin Decades,8.93,9,5,SingleMalt-like,E,Scotland,Malt
340,Glenlivet Nadurra First Fill (White Oak),8.91,5,4,SingleMalt-like,E,Scotland,Malt
341,Amrut Herald,8.9,6,4,SingleMalt-like,E,India,Malt
342,Bruichladdich Black Art 5.x 1992,8.9,7,6,SingleMalt-like,E,Scotland,Malt
343,Glen Grant 25yo,8.9,3,5,SingleMalt-like,E,Scotland,Malt
344,Paul John Single Cask,8.9,5,4,SingleMalt-like,E,India,Malt
345,Amrut Fusion,8.89,25,4,SingleMalt-like,E,India,Malt
346,Glenmorangie Ealanta,8.89,16,6,SingleMalt-like,F,Scotland,Malt
347,Yamazaki Limited Edition 2016,8.89,3,6,SingleMalt-like,E,Japan,Malt
348,Macallan Edition No. 2,8.88,13,5,SingleMalt-like,E,Scotland,Malt
349,Arran Malt Bourbon Single Cask,8.85,10,4,SingleMalt-like,E,Scotland,Malt
350,Arran Malt The Deviläó»s Punch Bowl (all chapters),8.85,10,5,SingleMalt-like,E,Scotland,Malt
351,Kavalan Solist Ex-Bourbon,8.85,19,5,SingleMalt-like,E,Taiwan,Malt
352,Kininvie 17yo (all batches),8.85,9,6,SingleMalt-like,E,Scotland,Malt
353,Arran Malt 17yo,8.84,11,4,SingleMalt-like,E,Scotland,Malt
354,Glenmorangie Astar,8.84,16,5,SingleMalt-like,E,Scotland,Malt
355,Mackmyra Moment Glí_d,8.84,4,5,SingleMalt-like,E,Sweden,Malt
356,Compass Box Spice Tree Extravaganza,8.83,10,5,SingleMalt-like,F,Scotland,Malt
357,Macallan Edition No. 1,8.83,8,5,SingleMalt-like,E,Scotland,Malt
358,Auchentoshan 21yo,8.82,12,5,SingleMalt-like,E,Scotland,Malt
359,Nikka From the Barrel,8.82,23,3,SingleMalt-like,F,Japan,Blend
360,Amrut Two Continents,8.81,13,4,SingleMalt-like,E,India,Malt
361,Glenlivet 21yo Archive (all batches),8.81,13,5,SingleMalt-like,E,Scotland,Malt
362,Mackmyra Moment Urberg,8.81,3,5,SingleMalt-like,E,Sweden,Malt
363,Glenfiddich Project XX Experimental Series,8.8,10,4,SingleMalt-like,E,Scotland,Malt
364,Midleton Very Rare (all vintages),8.8,12,5,SingleMalt-like,E,Ireland,Blend
365,Strathmill 25yo,8.8,4,6,SingleMalt-like,E,Scotland,Malt
366,Aberfeldy 21yo,8.79,10,5,SingleMalt-like,E,Scotland,Malt
367,BenRiach 25yo,8.79,15,6,SingleMalt-like,E,Scotland,Malt
368,Clynelish 14yo,8.79,17,4,SingleMalt-like,F,Scotland,Malt
369,Compass Box Spice Tree,8.79,23,4,SingleMalt-like,F,Scotland,Malt
370,Cragganmore NAS (Special Release 2016),8.79,5,5,SingleMalt-like,E,Scotland,Malt
371,Midleton Very Rare 2016,8.79,3,5,SingleMalt-like,E,Ireland,Blend
372,Mortlach Special Strength,8.79,6,5,SingleMalt-like,E,Scotland,Malt
373,Arran Malt Tokaji Aszu Wine Finish,8.78,4,4,SingleMalt-like,F,Scotland,Malt
374,Glen Grant Five Decades,8.78,6,5,SingleMalt-like,E,Scotland,Malt
375,Nikka Taketsuru 17yo,8.78,15,5,SingleMalt-like,E,Japan,Malt
376,Old Pulteney 17yo,8.78,20,5,SingleMalt-like,E,Scotland,Malt
377,Hakushu 18yo,8.77,8,5,SingleMalt-like,F,Japan,Malt
378,Hibiki 17yo,8.77,16,5,SingleMalt-like,E,Japan,Blend
379,Mackmyra Moment Rimfrost,8.76,3,5,SingleMalt-like,E,Sweden,Malt
380,Nikka Coffey Malt,8.76,12,4,SingleMalt-like,E,Japan,Malt
381,Mackmyra Special 04,8.75,8,4,SingleMalt-like,E,Sweden,Malt
382,Amrut Bourbon Single Cask,8.74,13,4,SingleMalt-like,E,India,Malt
383,Bruichladdich 21yo Cuví©e 640 Eroica,8.74,9,5,SingleMalt-like,E,Scotland,Malt
384,Glenfiddich 19yo Age of Discovery (Bourbon Cask),8.74,9,5,SingleMalt-like,E,Scotland,Malt
385,Glenfiddich Cask of Dreams,8.74,7,5,SingleMalt-like,F,Scotland,Malt
386,Redbreast 12yo,8.73,23,3,SingleMalt-like,E,Ireland,Malt
387,Arran Malt Napoleon Cognac Finish,8.72,5,4,SingleMalt-like,E,Scotland,Malt
388,Macallan 18yo Fine Oak,8.72,7,5,SingleMalt-like,E,Scotland,Malt
389,Redbreast 15yo,8.72,15,4,SingleMalt-like,E,Ireland,Malt
390,Balcones Texas Single Malt Whisky,8.71,13,4,SingleMalt-like,E,USA,Malt
391,Glenfiddich 15yo Distillery Edition,8.71,15,4,SingleMalt-like,E,Scotland,Malt
392,Westland Single Cask,8.71,4,4,SingleMalt-like,E,USA,Malt
393,Glenmorangie 18yo,8.7,16,5,SingleMalt-like,E,Scotland,Malt
394,Mortlach 18yo,8.7,10,6,SingleMalt-like,E,Scotland,Malt
395,Mackmyra Special 03,8.69,7,5,SingleMalt-like,E,Sweden,Malt
396,AnCnoc 18yo,8.68,10,4,SingleMalt-like,E,Scotland,Malt
397,Storas 21yo Rare Cask Reserves Blended,8.68,4,3,SingleMalt-like,E,Scotland,Blend
398,Balvenie 25yo Single Barrel,8.67,3,6,SingleMalt-like,E,Scotland,Malt
399,Compass Box Oak Cross,8.67,14,3,SingleMalt-like,F,Scotland,Malt
400,Glen Garioch 12yo,8.67,16,4,SingleMalt-like,F,Scotland,Malt
401,Royal Brackla 16yo,8.67,7,5,SingleMalt-like,E,Scotland,Malt
402,Bunnahabhain 12yo,8.66,23,3,SingleMalt-like,F,Scotland,Malt
403,Ichiro's Malt Double Distilleries,8.65,8,5,SingleMalt-like,E,Japan,Malt
404,Bruichladdich 21yo Cuví©e 382 La Berenice,8.64,7,5,SingleMalt-like,E,Scotland,Malt
405,Copperworks American Single Malt,8.64,5,3,SingleMalt-like,E,USA,Malt
406,Glenrothes Vintage 1995 (all bottlings),8.64,15,4,SingleMalt-like,E,Scotland,Malt
407,Bruichladdich Black Art 4.x 1990,8.63,12,6,SingleMalt-like,E,Scotland,Malt
408,Paul John Classic Select Cask,8.63,7,4,SingleMalt-like,E,India,Malt
409,Balvenie 12yo Single Barrel,8.62,12,4,SingleMalt-like,E,Scotland,Malt
410,Mackmyra Special 09,8.62,4,4,SingleMalt-like,E,Sweden,Malt
411,Sullivans Cove American Oak,8.62,6,5,SingleMalt-like,E,Tasmania,Malt
412,Caol Ila 17yo Unpeated,8.61,11,5,SingleMalt-like,E,Scotland,Malt
413,Glenlivet Cipher,8.61,7,4,SingleMalt-like,E,Scotland,Malt
414,Kilkerran Work in Progress Sherry Wood,8.61,11,4,SingleMalt-like,E,Scotland,Malt
415,Craigellachie 17yo,8.6,11,5,SingleMalt-like,E,Scotland,Malt
416,Glenlivet 18yo,8.59,24,5,SingleMalt-like,E,Scotland,Malt
417,Westland American Single Malt,8.59,14,4,SingleMalt-like,E,USA,Malt
418,Glenfiddich 18yo,8.58,21,5,SingleMalt-like,E,Scotland,Malt
419,Midleton Very Rare 2015,8.57,5,5,SingleMalt-like,E,Ireland,Blend
420,Teerenpeli Distiller's Choice KASKI,8.56,3,4,SingleMalt-like,E,Finland,Malt
421,Glen Grant 18yo,8.55,6,5,SingleMalt-like,E,Scotland,Malt
422,Glenfiddich 14yo Rich Oak,8.55,11,3,SingleMalt-like,E,Scotland,Malt
423,Mackmyra Moment Jord,8.55,3,4,SingleMalt-like,E,Sweden,Malt
424,Sullivans Cove Port Cask Strength,8.55,8,5,SingleMalt-like,E,Tasmania,Malt
425,Teerenpeli Distilleräó»s Choice RASI,8.55,3,4,SingleMalt-like,E,Finland,Malt
426,Glengoyne 17yo,8.54,14,5,SingleMalt-like,E,Scotland,Malt
427,Kininvie 23yo (all batches),8.54,9,6,SingleMalt-like,E,Scotland,Malt
428,Sullivans Cove Bourbon Cask Strength,8.54,6,4,SingleMalt-like,F,Tasmania,Malt
429,Yamazaki Distiller's Reserve,8.54,7,4,SingleMalt-like,E,Japan,Malt
430,Box The Messenger,8.53,4,5,SingleMalt-like,E,Sweden,Malt
431,Bunnahabhain Stiuireadair,8.53,4,3,SingleMalt-like,F,Scotland,Malt
432,Nikka Pure Malt Red,8.53,9,3,SingleMalt-like,E,Japan,Malt
433,Tyrconnell 10yo Madeira Cask Finish,8.53,11,4,SingleMalt-like,E,Ireland,Malt
434,Deanston 18yo (Bourbon Finish),8.52,6,5,SingleMalt-like,E,Scotland,Malt
435,Glen Grant 16yo,8.51,7,4,SingleMalt-like,E,Scotland,Malt
436,Macallan 21yo Fine Oak,8.51,6,6,SingleMalt-like,E,Scotland,Malt
437,Arran Malt Sauternes Finish,8.5,13,3,SingleMalt-like,E,Scotland,Malt
438,Balvenie 14yo Carribean Cask,8.5,20,4,SingleMalt-like,F,Scotland,Malt
439,Paul John Brilliance,8.5,9,3,SingleMalt-like,E,India,Malt
440,Mackmyra Moment Solsken,8.49,3,5,SingleMalt-like,E,Sweden,Malt
441,Mackmyra Special 05,8.49,7,4,SingleMalt-like,E,Sweden,Malt
442,Bunnahabhain Eirigh Na Greine,8.48,9,4,SingleMalt-like,F,Scotland,Malt
443,Green Spot,8.48,18,4,SingleMalt-like,F,Ireland,Malt
444,Macallan 12yo Double Cask,8.48,9,4,SingleMalt-like,E,Scotland,Malt
445,Mortlach Rare Old,8.48,14,5,SingleMalt-like,E,Scotland,Malt
446,Glenrothes Vintage Reserve (NAS),8.47,7,3,SingleMalt-like,E,Scotland,Malt
447,Mackmyra Moment Kí_lla,8.47,3,5,SingleMalt-like,E,Sweden,Malt
448,Deveron 18yo,8.45,6,4,SingleMalt-like,E,Scotland,Malt
449,Mackmyra Moment Malstrí_m (Maelstrom),8.45,3,5,SingleMalt-like,E,Sweden,Malt
450,Old Pulteney 12yo,8.45,26,3,SingleMalt-like,E,Scotland,Malt
451,Singleton of Glen Ord 15yo,8.45,4,4,SingleMalt-like,E,Scotland,Malt
452,GlenDronach 8yo The Hielan,8.44,11,3,SingleMalt-like,E,Scotland,Malt
453,Macallan 15yo Fine Oak,8.44,12,5,SingleMalt-like,E,Scotland,Malt
454,Nikka All Malt,8.44,8,2,SingleMalt-like,E,Japan,Malt
455,Tullibardine 25yo,8.43,6,6,SingleMalt-like,E,Ireland,Malt
456,Benromach Organic,8.42,15,4,SingleMalt-like,E,Scotland,Malt
457,Dalmore 12yo,8.42,20,3,SingleMalt-like,E,Scotland,Malt
458,Glen Elgin 12yo,8.42,16,4,SingleMalt-like,E,Scotland,Malt
459,Mackmyra Special 10,8.42,3,4,SingleMalt-like,E,Sweden,Malt
460,Nikka Taketsuru 12yo,8.41,19,4,SingleMalt-like,E,Japan,Malt
461,Teerenpeli 8yo,8.41,6,5,SingleMalt-like,E,Finland,Malt
462,Bunnahabhain Darach Ur,8.4,10,3,SingleMalt-like,F,Scotland,Malt
463,Glenfiddich Experimental Series IPA Cask Finish,8.4,11,3,SingleMalt-like,E,Scotland,Malt
464,Singleton of Dufftown 18yo,8.4,4,4,SingleMalt-like,E,Scotland,Malt
465,Auchentoshan 18yo,8.38,14,5,SingleMalt-like,E,Scotland,Malt
466,Glenlivet 15yo French Oak,8.38,19,4,SingleMalt-like,F,Scotland,Malt
467,Craigellachie 14yo,8.37,6,6,SingleMalt-like,F,Scotland,Malt
468,BenRiach 12yo Horizons,8.36,7,4,SingleMalt-like,E,Scotland,Malt
469,Cragganmore 12yo,8.35,17,3,SingleMalt-like,E,Scotland,Malt
470,Deveron 12yo,8.35,6,3,SingleMalt-like,E,Scotland,Malt
471,Mackmyra Special 08,8.35,3,4,SingleMalt-like,E,Sweden,Malt
472,Old Pulteney Navigator,8.35,13,3,SingleMalt-like,E,Scotland,Malt
473,Glencadam Origin 1825 (NAS),8.34,3,2,SingleMalt-like,E,Scotland,Malt
474,Glenfiddich 14yo Bourbon Barrel Reserve,8.33,9,4,SingleMalt-like,E,Scotland,Malt
475,Singleton of Dufftown 15yo,8.33,7,3,SingleMalt-like,E,Scotland,Malt
476,Teeling Small Batch (Rum Cask Finish),8.33,22,2,SingleMalt-like,E,Ireland,Blend
477,Glenrothes Vintage 1998 (2014),8.32,11,4,SingleMalt-like,F,Scotland,Malt
478,Tomatin 15yo,8.32,7,4,SingleMalt-like,E,Scotland,Malt
479,Knappogue Castle 14yo Twin Wood,8.31,4,4,SingleMalt-like,E,Ireland,Malt
480,Monkey Shoulder,8.31,19,2,SingleMalt-like,E,Scotland,Malt
481,Ohishi Brandy Cask,8.31,3,4,SingleMalt-like,E,Scotland,Malt
482,Tullibardine 225 Sauternes Finish,8.31,6,4,SingleMalt-like,E,Scotland,Malt
483,Macallan 1824 Amber,8.3,13,3,SingleMalt-like,E,Scotland,Malt
484,Singleton of Glen Ord 12yo,8.3,6,2,SingleMalt-like,E,Scotland,Malt
485,Sullivans Cove Double Cask,8.3,14,4,SingleMalt-like,E,Tasmania,Malt
486,Scapa 16yo,8.29,16,4,SingleMalt-like,E,Scotland,Malt
487,Wemyss Malts Smooth Gentleman,8.29,3,3,SingleMalt-like,E,Scotland,Malt
488,Auchentoshan 12yo,8.28,23,3,SingleMalt-like,E,Scotland,Malt
489,Teaninich 10yo (F&F),8.27,4,NA,SingleMalt-like,F,Scotland,Malt
490,Auchentoshan Bartender's Malt,8.26,4,2,SingleMalt-like,E,Scotland,Malt
491,Bruichladdich Black Art 1989,8.26,4,6,SingleMalt-like,E,Scotland,Malt
492,Glen Breton 21yo,8.26,3,5,SingleMalt-like,E,Canada,Malt
493,Macallan 10yo Fine Oak,8.26,19,3,SingleMalt-like,E,Scotland,Malt
494,Stalk & Barrel Single Malt (All Casks),8.26,13,3,SingleMalt-like,F,Canada,Malt
495,Glenrothes Elders' Reserve,8.25,7,4,SingleMalt-like,E,Scotland,Malt
496,Tobermory 10yo,8.25,23,3,SingleMalt-like,F,Scotland,Malt
497,Royal Brackla 12yo,8.24,12,4,SingleMalt-like,E,Scotland,Malt
498,Scallywag,8.24,14,4,SingleMalt-like,E,Switzerland,Malt
499,Edradour 10yo,8.23,17,3,SingleMalt-like,E,Scotland,Malt
500,Arran Malt Robert Burns Single Malt,8.22,8,2,SingleMalt-like,F,Scotland,Malt
501,Bruichladdich Sherry Classic,8.22,6,4,SingleMalt-like,E,Scotland,Malt
502,Strathisla 12yo,8.22,14,3,SingleMalt-like,E,Scotland,Malt
503,Tomintoul 12yo Oloroso Sherry,8.21,11,4,SingleMalt-like,E,Scotland,Malt
504,Glenfiddich Select Cask,8.2,10,3,SingleMalt-like,E,Scotland,Malt
505,Tullibardine 1993 Sauternes,8.2,5,3,SingleMalt-like,E,Scotland,Malt
506,Deanston 12yo,8.19,17,3,SingleMalt-like,F,Scotland,Malt
507,Glenrothes Vintage 2001 (all bottlings),8.18,9,4,SingleMalt-like,E,Scotland,Malt
508,Aberfeldy 12yo,8.16,19,3,SingleMalt-like,E,Scotland,Malt
509,Auchroisk 10yo (F&F),8.15,4,3,SingleMalt-like,E,Scotland,Malt
510,Glen Moray 10yo Chardonnay Cask,8.14,10,2,SingleMalt-like,F,Scotland,Malt
511,Gouden Carolus Single Malt,8.14,4,4,SingleMalt-like,E,Belgium,Malt
512,Singleton of Dufftown Unití©,8.11,4,2,SingleMalt-like,E,Scotland,Malt
513,BenRiach 15yo Sauternes Finish,8.1,3,4,SingleMalt-like,F,Scotland,Malt
514,Glen Garioch Virgin Oak,8.1,6,4,SingleMalt-like,E,Scotland,Malt
515,Miltonduff 10yo (F&F),8.08,4,3,SingleMalt-like,E,Scotland,Malt
516,Dalmore Valour,8.06,9,4,SingleMalt-like,E,Scotland,Malt
517,Glenlivet 12yo,8.06,22,3,SingleMalt-like,E,Scotland,Malt
518,Tomatin 12yo,8.06,19,2,SingleMalt-like,E,Scotland,Malt
519,Tullibardine 228 Burgundy Finish,8.06,4,3,SingleMalt-like,E,Scotland,Malt
520,Singleton of Glendullan 12yo,8.05,14,2,SingleMalt-like,E,Scotland,Malt
521,Nikka Super,8.04,8,3,SingleMalt-like,E,Japan,Malt
522,Tullamore Dew 10yo Single Malt,8.03,6,3,SingleMalt-like,E,Ireland,Malt
523,Glenburgie 10yo (Gordon & MacPhail),8.02,7,3,SingleMalt-like,F,Scotland,Malt
524,The Irishman Single Malt (NAS),8,6,3,SingleMalt-like,E,Ireland,Malt
525,Glen Deveron 10yo (Macduff),7.98,5,2,SingleMalt-like,E,Scotland,Malt
526,Glenlivet Founder's Reserve,7.97,15,2,SingleMalt-like,E,Scotland,Malt
527,Millstone 8yo French Oak,7.97,4,4,SingleMalt-like,E,Netherlands,Malt
528,Santis Edition Sigel,7.93,7,3,SingleMalt-like,E,Switzerland,Malt
529,Scapa Skiren,7.92,11,4,SingleMalt-like,E,Scotland,Malt
530,Singleton of Glen Ord Signature,7.91,3,3,SingleMalt-like,E,Scotland,Malt
531,Singleton of Dufftown 12yo,7.9,10,2,SingleMalt-like,E,Scotland,Malt
532,Glen Moray 12yo Chenin Blanc,7.87,6,2,SingleMalt-like,F,Scotland,Malt
533,Glenrothes Select Reserve,7.8,14,3,SingleMalt-like,E,Scotland,Malt
534,Penderyn Aur Cymru,7.73,8,4,SingleMalt-like,E,Wales,Malt
535,Speyside 10yo,7.71,4,3,SingleMalt-like,E,Scotland,Malt
536,Mars Iwai Tradition,7.69,4,4,SingleMalt-like,E,Japan,Blend
537,Mackmyra Special 01,7.63,3,5,SingleMalt-like,E,Sweden,Malt
538,Glen Moray 16yo Chenin Blanc,7.59,4,3,SingleMalt-like,F,Scotland,Malt
539,Santis Edition Sí_ntis,7.56,7,4,SingleMalt-like,F,Switzerland,Malt
540,McClelland's Speyside Single Malt,6.97,7,2,SingleMalt-like,F,Scotland,Malt
541,Kavalan Solist Moscatel Cask,9.18,4,6,SingleMalt-like,G,Scotland,Malt
542,Midleton Barry Crockett Legacy,9.08,10,5,SingleMalt-like,G,Ireland,Blend
543,Yamazaki Limited Edition 2015,8.99,3,6,SingleMalt-like,G,Japan,Malt
544,Mackmyra Iskristall,8.92,3,5,SingleMalt-like,G,Sweden,Malt
545,Box The 2nd Step Collection 03,8.91,3,5,SingleMalt-like,G,Sweden,Malt
546,Kirin 18yo (Fuji Sanroku),8.91,3,6,SingleMalt-like,G,Japan,Malt
547,Teeling Silver Reserve 21yo Sauternes Finish,8.91,10,5,SingleMalt-like,H,Ireland,Malt
548,Bruichladdich Laddie Twenty Two,8.88,11,5,SingleMalt-like,G,Scotland,Malt
549,Compass Box Double Single (all editions),8.88,7,5,SingleMalt-like,G,Scotland,Blend
550,Balvenie 15yo Single Barrel (Cask),8.85,24,4,SingleMalt-like,G,Scotland,Malt
551,Bruichladdich Laddie Ten (Second Edition),8.85,10,3,SingleMalt-like,G,Scotland,Malt
552,Kilkerran 12yo,8.84,14,3,SingleMalt-like,G,Scotland,Malt
553,Bruichladdich Laddie Ten,8.82,18,3,SingleMalt-like,G,Scotland,Malt
554,Glencadam 21yo,8.82,12,5,SingleMalt-like,H,Scotland,Malt
555,Arran Malt Orkney Bere Barley,8.81,8,4,SingleMalt-like,G,Scotland,Malt
556,Compass Box Enlightenment,8.81,6,4,SingleMalt-like,G,Scotland,Malt
557,Old Pulteney 21yo,8.81,18,5,SingleMalt-like,H,Scotland,Malt
558,Benromach 5yo,8.8,4,2,SingleMalt-like,G,Scotland,Malt
559,Glen Breton Ice 17yo,8.8,3,5,SingleMalt-like,G,Canada,Malt
560,Glencadam 30yo,8.8,3,6,SingleMalt-like,H,Scotland,Malt
561,Kilkerran Work in Progress Bourbon Wood,8.79,12,4,SingleMalt-like,G,Scotland,Malt
562,Mackinlay 'Shackleton' Rare Old Highland Malt Whisky,8.79,18,5,SingleMalt-like,H,Scotland,Malt
563,Yamazaki Bourbon Barrel,8.79,9,5,SingleMalt-like,G,Japan,Malt
564,Glenmorangie Tusail,8.78,12,5,SingleMalt-like,G,Scotland,Malt
565,Macallan 17yo Fine Oak,8.78,11,5,SingleMalt-like,G,Scotland,Malt
566,Kavalan Podium,8.77,8,4,SingleMalt-like,G,Taiwan,Malt
567,Westland Garryana,8.77,7,5,SingleMalt-like,G,USA,Malt
568,Bruichladdich Laddie Sixteen,8.76,13,4,SingleMalt-like,G,Scotland,Malt
569,Hakushu 10yo,8.76,4,3,SingleMalt-like,H,Japan,Malt
570,Bladnoch 19yo (Cow label),8.75,4,5,SingleMalt-like,G,Scotland,Malt
571,Mackmyra Ten Years 10yo,8.73,4,5,SingleMalt-like,H,Sweden,Malt
572,Hakushu 12yo,8.72,20,4,SingleMalt-like,H,Japan,Malt
573,AnCnoc 16yo,8.71,14,4,SingleMalt-like,G,Scotland,Malt
574,Glenfiddich 26yo Excellence,8.7,6,6,SingleMalt-like,G,Scotland,Malt
575,Arran Malt 12yo Cask Strength (all editions),8.69,14,4,SingleMalt-like,H,Scotland,Malt
576,Arran Malt 14yo,8.68,23,4,SingleMalt-like,G,Scotland,Malt
577,Mackmyra The First Edition (Den Fí_rsta Utgí«van),8.67,17,3,SingleMalt-like,H,Sweden,Malt
578,Stronachie 18yo,8.67,6,4,SingleMalt-like,H,Scotland,Malt
579,Tullibardine 20yo,8.66,4,5,SingleMalt-like,G,Scotland,Malt
580,Caol Ila 15yo Unpeated,8.65,11,5,SingleMalt-like,G,Scotland,Malt
581,Yamazaki 12yo,8.65,24,4,SingleMalt-like,G,Japan,Malt
582,Yamazaki Puncheon,8.65,10,5,SingleMalt-like,G,Japan,Malt
583,Dalwhinnie 15yo,8.64,20,4,SingleMalt-like,H,Scotland,Malt
584,AnCnoc 12yo,8.62,20,3,SingleMalt-like,H,Scotland,Malt
585,BenRiach Cask Strength,8.61,8,4,SingleMalt-like,H,Scotland,Malt
586,Hibiki 12yo,8.61,21,4,SingleMalt-like,G,Japan,Blend
587,Longrow 10yo,8.6,13,4,SingleMalt-like,G,Scotland,Malt
588,Mackmyra Preludium 03,8.6,5,5,SingleMalt-like,H,Sweden,Malt
589,Inchgower 14yo (F&F),8.58,8,4,SingleMalt-like,H,Scotland,Malt
590,Linkwood 12yo (F&F),8.58,7,4,SingleMalt-like,H,Scotland,Malt
591,Aultmore 18yo,8.57,6,5,SingleMalt-like,H,Scotland,Malt
592,Kilkerran Work in Progress,8.57,14,4,SingleMalt-like,G,Scotland,Malt
593,BenRiach 10yo,8.56,12,3,SingleMalt-like,G,Scotland,Malt
594,Mars Maltage Cosmo,8.56,4,4,SingleMalt-like,G,Japan,Malt
595,Spirit of Hven Urania,8.56,3,6,SingleMalt-like,H,Sweden,Malt
596,Tomintoul 25yo,8.56,5,6,SingleMalt-like,G,Scotland,Malt
597,Nikka Miyagikyo NAS,8.54,7,4,SingleMalt-like,H,Japan,Malt
598,Arran Malt 10yo,8.52,22,3,SingleMalt-like,G,Scotland,Malt
599,Glen Breton 15yo Battle of the Glen,8.52,7,5,SingleMalt-like,G,Canada,Malt
600,Bruichladdich Classic Laddie Scottish Barley,8.51,12,3,SingleMalt-like,G,Scotland,Malt
601,Tomatin Cu Bocan Virgin Oak Edition,8.51,3,4,SingleMalt-like,H,Scotland,Malt
602,GlenDronach 14yo Virgin Oak,8.5,10,4,SingleMalt-like,G,Scotland,Malt
603,Mackmyra Special 07,8.5,7,4,SingleMalt-like,H,Sweden,Malt
604,Aultmore 12yo,8.49,14,4,SingleMalt-like,H,Scotland,Malt
605,Compass Box Rivals,8.49,3,5,SingleMalt-like,G,Scotland,Blend
606,Glencadam 15yo,8.49,14,4,SingleMalt-like,H,Scotland,Malt
607,Glendalough 13yo Single Malt,8.49,9,4,SingleMalt-like,G,Ireland,Malt
608,Knappogue Castle 12yo,8.49,12,3,SingleMalt-like,G,Ireland,Malt
609,Ichiro's Malt Chichibu The Floor Malted,8.48,6,6,SingleMalt-like,G,Japan,Malt
610,Glenmorangie 10yo,8.47,25,3,SingleMalt-like,G,Scotland,Malt
611,Ichiro's Malt Chichibu The First,8.47,12,6,SingleMalt-like,G,Japan,Malt
612,AnCnoc Peter Arkle (all releases),8.46,9,4,SingleMalt-like,G,Scotland,Malt
613,Glencadam 10yo,8.46,13,3,SingleMalt-like,H,Scotland,Malt
614,Macallan 12yo Fine Oak,8.46,15,4,SingleMalt-like,G,Scotland,Malt
615,Sheep Dip Blended Malt,8.45,13,2,SingleMalt-like,H,Scotland,Malt
616,Yamazaki NAS,8.45,6,4,SingleMalt-like,G,Japan,Malt
617,Bruichladdich Laddie Classic (Edition 01),8.44,7,3,SingleMalt-like,G,Scotland,Malt
618,Bruichladdich Laddie Eight 8yo,8.44,7,3,SingleMalt-like,G,Scotland,Malt
619,FEW Single Malt,8.44,6,4,SingleMalt-like,G,USA,Malt
620,Mackmyra The Swedish Whisky (Brukswhisky),8.44,10,2,SingleMalt-like,H,Sweden,Malt
621,BenRiach 12yo,8.43,15,3,SingleMalt-like,G,Scotland,Malt
622,Benromach Traditional,8.43,12,2,SingleMalt-like,G,Scotland,Malt
623,Kavalan King Car Conductor,8.43,9,4,SingleMalt-like,G,Taiwan,Malt
624,Talisker Skye,8.43,12,2,SingleMalt-like,G,Scotland,Malt
625,Craigellachie 13yo,8.41,16,3,SingleMalt-like,G,Scotland,Malt
626,Glenkinchie Distiller's Edition (all editions),8.41,13,4,SingleMalt-like,B,Scotland,Malt
627,Hakushu Distiller's Reserve,8.41,4,4,SingleMalt-like,H,Japan,Malt
628,Wemyss Malts The Hive,8.41,14,3,SingleMalt-like,G,Scotland,Malt
629,Kavalan Single Malt Whisky,8.4,18,4,SingleMalt-like,G,Taiwan,Malt
630,Balblair 2000,8.39,9,4,SingleMalt-like,H,Scotland,Malt
631,Glen Garioch Founder's Reserve,8.39,17,3,SingleMalt-like,G,Scotland,Malt
632,Glenrothes Alba Reserve,8.38,8,3,SingleMalt-like,G,Scotland,Malt
633,Hazelburn 8yo (Springbank),8.37,11,4,SingleMalt-like,G,Scotland,Malt
634,Strathmill 12yo,8.37,3,4,SingleMalt-like,G,Scotland,Malt
635,Hibiki Harmony,8.36,18,4,SingleMalt-like,G,Japan,Blend
636,Glen Grant 10yo (G&M),8.35,3,3,SingleMalt-like,H,Scotland,Malt
637,Tomatin Cask Strength,8.35,10,4,SingleMalt-like,G,Scotland,Malt
638,Hakushu NAS,8.34,5,3,SingleMalt-like,H,Japan,Malt
639,Glen Grant 12yo,8.33,8,3,SingleMalt-like,H,Scotland,Malt
640,Mackmyra Special 02,8.33,3,5,SingleMalt-like,H,Sweden,Malt
641,Mackmyra Svensk Ek,8.33,3,4,SingleMalt-like,H,Sweden,Malt
642,BenRiach 20yo,8.32,11,5,SingleMalt-like,G,Scotland,Malt
643,Wolfburn (NAS),8.31,10,3,SingleMalt-like,G,Scotland,Malt
644,Auchentoshan Valinch,8.3,14,3,SingleMalt-like,H,Scotland,Malt
645,Tamdhu 10yo,8.3,18,4,SingleMalt-like,H,Scotland,Malt
646,Tomintoul 16yo,8.3,17,3,SingleMalt-like,G,Scotland,Malt
647,Glenfiddich 1963 Original Malt,8.29,7,4,SingleMalt-like,G,Scotland,Malt
648,Bladnoch Vintage 1992-2007 (Signatory),8.28,4,5,SingleMalt-like,G,Scotland,Malt
649,Cardhu Amber Rock,8.28,4,3,SingleMalt-like,H,Scotland,Malt
650,Glen Grant 10yo,8.28,9,2,SingleMalt-like,H,Scotland,Malt
651,Highland Park Harald,8.28,12,4,SingleMalt-like,G,Scotland,Malt
652,Mannochmore 12yo (F&F),8.28,4,3,SingleMalt-like,G,Scotland,Malt
653,Tullibardine Vintage 1993,8.27,10,3,SingleMalt-like,G,Scotland,Malt
654,Amrut Indian Single Malt,8.26,17,3,SingleMalt-like,G,India,Malt
655,Highland Park Svein,8.26,11,3,SingleMalt-like,G,Scotland,Malt
656,Nikka Taketsuru NAS,8.26,6,4,SingleMalt-like,G,Japan,Malt
657,Bladnoch 1993-2009 (G&M),8.25,5,5,SingleMalt-like,G,Scotland,Malt
658,Glengoyne 10yo,8.25,13,3,SingleMalt-like,G,Scotland,Malt
659,St George's Chapter 6 (unpeated),8.25,10,3,SingleMalt-like,G,England,Malt
660,Glenkinchie 12yo,8.24,17,3,SingleMalt-like,G,Scotland,Malt
661,Macallan 1824 Gold,8.24,16,3,SingleMalt-like,G,Scotland,Malt
662,White Oak Akashi 5yo,8.24,8,5,SingleMalt-like,G,Japan,Malt
663,Glen Breton Ice 10yo,8.23,8,4,SingleMalt-like,G,Canada,Malt
664,Auchentoshan Virgin Oak,8.21,7,4,SingleMalt-like,H,Scotland,Malt
665,Glendalough 7yo Single Malt,8.21,6,3,SingleMalt-like,G,Ireland,Malt
666,Stronachie 12yo,8.21,9,3,SingleMalt-like,H,Scotland,Malt
667,Ichiro's Malt Mizunara Wood Reserve (MWR),8.2,10,5,SingleMalt-like,H,Japan,Malt
668,Teerenpeli 10yo,8.2,5,5,SingleMalt-like,H,Finland,Malt
669,Tullibardine Sovereign,8.2,10,3,SingleMalt-like,G,Scotland,Malt
670,Bushmills 10yo Single Malt,8.19,19,3,SingleMalt-like,G,Ireland,Malt
671,Glenlossie 10yo (F&F),8.19,9,3,SingleMalt-like,G,Scotland,Malt
672,Hibiki Harmony Master's Select,8.19,5,5,SingleMalt-like,G,Japan,Blend
673,Nikka Gold & Gold,8.19,7,3,SingleMalt-like,G,Japan,Malt
674,The Quiet Man 8yo Single Malt,8.18,5,3,SingleMalt-like,H,Ireland,Malt
675,Tyrconnell Single Malt Irish Whiskey,8.17,15,2,SingleMalt-like,H,Ireland,Malt
676,Deanston Virgin Oak,8.16,15,2,SingleMalt-like,H,Scotland,Malt
677,Glenrothes Bourbon Cask Reserve,8.15,3,3,SingleMalt-like,G,Scotland,Malt
678,Tomatin Legacy,8.15,10,2,SingleMalt-like,G,Scotland,Malt
679,Tormore 14yo,8.15,5,3,SingleMalt-like,G,Scotland,Malt
680,Mackmyra Midnattssol,8.13,5,4,SingleMalt-like,H,Sweden,Malt
681,Glenturret 10yo,8.11,12,2,SingleMalt-like,G,Scotland,Malt
682,Glenfiddich 12yo,8.1,26,3,SingleMalt-like,G,Scotland,Malt
683,Knappogue Castle Vintage,8.1,5,3,SingleMalt-like,H,Ireland,Malt
684,Lohin McKinnon Single Malt,8.09,4,3,SingleMalt-like,H,Canada,Malt
685,Speyburn 10yo,8.09,20,2,SingleMalt-like,H,Scotland,Malt
686,Glen Breton 14yo,8.08,6,4,SingleMalt-like,G,Canada,Malt
687,Cardhu 12yo,8.07,21,3,SingleMalt-like,H,Scotland,Malt
688,Glen Spey 12yo (F&F),8.06,5,3,SingleMalt-like,H,Scotland,Malt
689,Tullibardine Aged Oak Edition,8.06,9,3,SingleMalt-like,G,Scotland,Malt
690,Glen Breton 10yo Rare,8.05,14,4,SingleMalt-like,G,Canada,Malt
691,Arran Malt Lochranza Reserve,8.04,4,3,SingleMalt-like,G,Scotland,Malt
692,Glen Moray 12yo,8.04,13,2,SingleMalt-like,G,Scotland,Malt
693,Tomatin Cu Bocan,8.03,12,4,SingleMalt-like,H,Scotland,Malt
694,Kilbeggan Irish Reserve Malt Whiskey,7.98,6,2,SingleMalt-like,G,Ireland,Malt
695,Glen Moray Classic,7.96,5,0,SingleMalt-like,G,Scotland,Malt
696,Auchentoshan Classic,7.95,8,2,SingleMalt-like,H,Scotland,Malt
697,Bladnoch 16yo (Signatory),7.95,4,5,SingleMalt-like,G,Scotland,Malt
698,White Oak Akashi Single Malt (NAS),7.94,7,4,SingleMalt-like,G,Japan,Malt
699,Knockando 12yo (All Vintages),7.93,12,2,SingleMalt-like,G,Scotland,Malt
700,Pig's Nose 5yo Blended Malt,7.93,3,2,SingleMalt-like,H,Scotland,Malt
701,Tormore 12yo,7.92,9,3,SingleMalt-like,G,Scotland,Malt
702,Glen Grant The Major's Reserve,7.9,11,2,SingleMalt-like,H,Scotland,Malt
703,Speyside 12yo,7.87,10,2,SingleMalt-like,H,Scotland,Malt
704,Tomintoul 10yo,7.84,16,3,SingleMalt-like,G,Scotland,Malt
705,Auchentoshan 10yo,7.78,10,3,SingleMalt-like,H,Scotland,Malt
706,Auchentoshan American Oak,7.78,8,2,SingleMalt-like,H,Scotland,Malt
707,BenRiach Heart of Speyside,7.74,7,3,SingleMalt-like,H,Scotland,Malt
708,Tamnavulin 12yo,7.71,4,2,SingleMalt-like,H,Scotland,Malt
709,Loch Lomond,7.7,12,0,SingleMalt-like,H,Scotland,Malt
710,McClelland's Highland Single Malt,7.11,7,2,SingleMalt-like,G,Scotland,Malt
711,McClelland's Lowland Single Malt,7.02,4,2,SingleMalt-like,H,Scotland,Malt
712,Talisker 35yo,9.32,3,6,SingleMalt-like,I,Scotland,Malt
713,Caol Ila 30yo,9.31,12,6,SingleMalt-like,I,Scotland,Malt
714,Talisker 30yo,9.19,13,6,SingleMalt-like,I,Scotland,Malt
715,Talisker 18yo,9.17,18,5,SingleMalt-like,I,Scotland,Malt
716,Ledaig 42yo,9.12,3,6,SingleMalt-like,I,Scotland,Malt
717,Springbank 16yo Local Barley,9.09,10,5,SingleMalt-like,I,Scotland,Malt
718,Compass Box Flaming Heart 2008 2nd Edition,9.07,4,5,SingleMalt-like,I,Scotland,Malt
719,Highland Park Sigurd,9.04,7,5,SingleMalt-like,I,Scotland,Malt
720,Springbank 11yo Local Barley,9.04,9,5,SingleMalt-like,I,Scotland,Malt
721,Compass Box Flaming Heart 2015 5th Edition - 15th Anniversary,9.03,17,5,SingleMalt-like,I,Scotland,Malt
722,Glen Garioch 1994,9.03,7,4,SingleMalt-like,I,Scotland,Malt
723,Oban 21yo,9.02,5,6,SingleMalt-like,I,Scotland,Malt
724,Compass Box Flaming Heart (all editions),8.99,21,5,SingleMalt-like,I,Scotland,Malt
725,Talisker 25yo,8.99,17,6,SingleMalt-like,I,Scotland,Malt
726,Bruichladdich Port Charlotte PC10 Tro Na Linntean,8.96,10,5,SingleMalt-like,I,Scotland,Malt
727,Springbank 18yo,8.96,20,5,SingleMalt-like,I,Scotland,Malt
728,Glen Garioch 1991,8.95,3,4,SingleMalt-like,I,Scotland,Malt
729,Glen Garioch 1995,8.95,11,4,SingleMalt-like,I,Scotland,Malt
730,Nikka Yoichi 15yo,8.95,16,5,SingleMalt-like,I,Japan,Malt
731,Tomatin Cu Bocan 1989 Limited Edition,8.95,4,6,SingleMalt-like,I,Scotland,Malt
732,Compass Box Flaming Heart 2010 3rd Edition - 10th Anniversary,8.94,8,5,SingleMalt-like,I,Scotland,Malt
733,Compass Box The Lost Blend,8.94,13,5,SingleMalt-like,I,Scotland,Malt
734,Kilchoman Bourbon Single Cask,8.94,14,4,SingleMalt-like,I,Scotland,Malt
735,Ledaig 19yo Marsala Finish,8.94,4,5,SingleMalt-like,I,Scotland,Malt
736,Talisker 57 North,8.92,19,4,SingleMalt-like,I,Scotland,Malt
737,Talisker Distiller's Edition (all editions),8.92,24,4,SingleMalt-like,I,Scotland,Malt
738,BenRiach 21yo Authenticus Peated,8.91,14,5,SingleMalt-like,I,Scotland,Malt
739,Bruichladdich Port Charlotte PC11 Eorna Na H-Alba,8.91,6,5,SingleMalt-like,I,Scotland,Malt
740,"Elements of Islay ""Peat""",8.91,5,3,SingleMalt-like,I,Scotland,Malt
741,Compass Box Flaming Heart 2012 4th Edition,8.9,15,5,SingleMalt-like,I,Scotland,Malt
742,Wemyss Malts The Rockpool,8.89,3,3,SingleMalt-like,I,Scotland,Malt
743,Bladnoch 9yo Lightly Peated,8.88,4,5,SingleMalt-like,I,Scotland,Malt
744,Bowmore Mizunara Cask Finish,8.87,3,6,SingleMalt-like,I,Scotland,Malt
745,Talisker 10yo,8.87,25,4,SingleMalt-like,I,Scotland,Malt
746,Caol Ila 25yo,8.86,10,5,SingleMalt-like,I,Scotland,Malt
747,Bruichladdich Port Charlotte PC12 Oileanach Furachail,8.81,10,5,SingleMalt-like,I,Scotland,Malt
748,Bruichladdich Port Charlotte PC10 (Second Edition),8.79,4,4,SingleMalt-like,I,Scotland,Malt
749,BenRiach 25yo Authenticus Peated,8.78,9,5,SingleMalt-like,I,Scotland,Malt
750,Bruichladdich Port Charlotte 10yo Heavily Peated (First Edition),8.78,6,4,SingleMalt-like,I,Scotland,Malt
751,Hakushu Single Malt Heavily Peated,8.78,12,6,SingleMalt-like,I,Japan,Malt
752,Nikka Pure Malt Black,8.78,14,3,SingleMalt-like,I,Japan,Malt
753,Paul John Peated Select Cask,8.78,9,4,SingleMalt-like,I,India,Malt
754,Springbank 12yo Green,8.78,8,4,SingleMalt-like,I,Scotland,Malt
755,Bowmore 10yo Tempest,8.77,21,4,SingleMalt-like,I,Scotland,Malt
756,Bruichladdich Infinity Third Edition,8.77,5,5,SingleMalt-like,I,Scotland,Malt
757,Glenlivet Nadurra Peated Cask Finish,8.77,4,4,SingleMalt-like,I,Scotland,Malt
758,Highland Park 12yo (reviews pre-2014),8.77,20,3,SingleMalt-like,I,Scotland,Malt
759,Spirit of Hven Tychoäó»s Star,8.77,5,4,SingleMalt-like,I,Sweden,Malt
760,Arran Malt Machrie Moor Cask Strength,8.76,4,4,SingleMalt-like,I,Scotland,Malt
761,Big Peat (Douglas Laing),8.75,16,4,SingleMalt-like,I,Scotland,Malt
762,Caol Ila 18yo,8.75,18,5,SingleMalt-like,I,Scotland,Malt
763,Kavalan Distillery Reserve Peaty Cask,8.75,4,6,SingleMalt-like,I,Taiwan,Malt
764,Nikka Yoichi 12yo,8.75,9,5,SingleMalt-like,I,Japan,Malt
765,Paul John Bold,8.75,6,3,SingleMalt-like,I,India,Malt
766,Bruichladdich Port Charlotte Scottish Barley Heavily Peated,8.74,17,4,SingleMalt-like,I,Scotland,Malt
767,Caol Ila 12yo,8.74,22,4,SingleMalt-like,I,Scotland,Malt
768,Balvenie 14yo Peat Week,8.72,9,5,SingleMalt-like,I,Scotland,Malt
769,Bruichladdich Port Charlotte An Turas Mor,8.72,11,4,SingleMalt-like,I,Scotland,Malt
770,Highland Park 15yo Freya,8.72,13,6,SingleMalt-like,I,Scotland,Malt
771,Highland Park 17yo Ice,8.72,9,6,SingleMalt-like,I,Scotland,Malt
772,Kilchoman Coull Point,8.72,7,5,SingleMalt-like,I,Scotland,Malt
773,Oban 18yo,8.72,14,5,SingleMalt-like,I,Scotland,Malt
774,Compass Box Lady Luck,8.71,6,5,SingleMalt-like,I,Scotland,Malt
775,Kilchoman Sauternes Cask Matured,8.71,3,4,SingleMalt-like,I,Scotland,Malt
776,Mackmyra Svensk Rí_k,8.71,4,4,SingleMalt-like,I,Sweden,Malt
777,Nikka Pure Malt White,8.7,13,3,SingleMalt-like,I,Japan,Malt
778,Springbank 10yo,8.7,21,4,SingleMalt-like,I,Scotland,Malt
779,Talisker Dark Storm,8.7,11,3,SingleMalt-like,I,Scotland,Malt
780,Kilchoman Sanaig,8.69,16,4,SingleMalt-like,I,Scotland,Malt
781,Nikka Miyagikyo 15yo,8.69,12,5,SingleMalt-like,I,Japan,Malt
782,Benromach 10yo,8.68,23,3,SingleMalt-like,I,Scotland,Malt
783,Bowmore Vault Edition First Release,8.66,9,5,SingleMalt-like,I,Scotland,Malt
784,Nikka Yoichi 10yo,8.66,18,4,SingleMalt-like,I,Japan,Malt
785,Westland Peat Week,8.66,3,4,SingleMalt-like,I,USA,Malt
786,Highland Park 12yo (all reviews),8.64,26,3,SingleMalt-like,I,Scotland,Malt
787,Bowmore 15yo Mariner,8.63,7,5,SingleMalt-like,I,Scotland,Malt
788,Highland Park 12yo Viking Honour (post-2017),8.6,4,3,SingleMalt-like,I,Scotland,Malt
789,Longrow 7yo Gaja Barolo Finish,8.6,7,4,SingleMalt-like,I,Scotland,Malt
790,Mars Kogamatake The Revival 2011,8.6,5,5,SingleMalt-like,I,Japan,Malt
791,BenRiach 10yo Curiositas,8.59,20,3,SingleMalt-like,I,Scotland,Malt
792,BenRiach Peated Quarter Casks,8.59,4,4,SingleMalt-like,I,Scotland,Malt
793,Bowmore 18yo,8.59,19,4,SingleMalt-like,I,Scotland,Malt
794,Nikka Yoichi NAS,8.59,11,4,SingleMalt-like,I,Japan,Malt
795,Talisker Storm,8.59,19,4,SingleMalt-like,I,Scotland,Malt
796,Westland Peated,8.59,9,4,SingleMalt-like,I,USA,Malt
797,Bruichladdich Islay Barley (all vintages),8.57,13,4,SingleMalt-like,I,Scotland,Malt
798,Compass Box Eleuthera,8.57,13,4,SingleMalt-like,I,Scotland,Malt
799,Nikka Miyagikyo 12yo,8.56,8,4,SingleMalt-like,I,Japan,Malt
800,Paul John Edited,8.56,9,3,SingleMalt-like,I,India,Malt
801,Spirit of Hven Seven Stars No. 2 Merak,8.55,4,5,SingleMalt-like,I,Sweden,Malt
802,GlenDronach Peated,8.54,11,3,SingleMalt-like,I,Scotland,Malt
803,Fettercairn Fior,8.53,4,3,SingleMalt-like,I,Scotland,Malt
804,Glen Garioch 1997,8.53,6,4,SingleMalt-like,I,Scotland,Malt
805,Ardmore Traditional Cask,8.52,21,3,SingleMalt-like,I,Scotland,Malt
806,Highland Park 10yo,8.52,15,3,SingleMalt-like,I,Scotland,Malt
807,Oban 14yo,8.51,21,4,SingleMalt-like,I,Scotland,Malt
808,Spirit of Hven Seven Stars No. 3 Phecda,8.51,3,5,SingleMalt-like,I,Sweden,Malt
809,Box Dalvve,8.5,8,4,SingleMalt-like,I,Sweden,Malt
810,Bowmore No.1,8.47,5,3,SingleMalt-like,I,Scotland,Malt
811,Glenfiddich Vintage Cask,8.47,5,4,SingleMalt-like,I,Scotland,Malt
812,Nikka Miyagikyo 10yo,8.47,7,4,SingleMalt-like,I,Japan,Malt
813,Bowmore 17yo White Sands,8.46,6,4,SingleMalt-like,I,Scotland,Malt
814,Benromach Sassicaia,8.45,7,4,SingleMalt-like,I,Scotland,Malt
815,Highland Park 12yo (reviews 2014-2017),8.41,15,3,SingleMalt-like,I,Scotland,Malt
816,Bowmore 12yo,8.4,20,3,SingleMalt-like,I,Scotland,Malt
817,Bowmore 17yo,8.4,8,5,SingleMalt-like,I,Scotland,Malt
818,Ledaig 10yo,8.4,22,3,SingleMalt-like,I,Scotland,Malt
819,Oban Little Bay,8.4,11,4,SingleMalt-like,I,Scotland,Malt
820,Wemyss Malts Peat Chimney,8.4,14,3,SingleMalt-like,I,Scotland,Malt
821,Bowmore Gold Reef,8.34,10,2,SingleMalt-like,I,Scotland,Malt
822,Glen Scotia 12yo,8.3,9,4,SingleMalt-like,I,Scotland,Malt
823,Penderyn Peated,8.3,9,4,SingleMalt-like,I,Wales,Malt
824,BenRiach Birnie Moss,8.28,10,3,SingleMalt-like,I,Scotland,Malt
825,Spirit of Hven Seven Stars No. 1 Dubhe,8.28,3,5,SingleMalt-like,I,Sweden,Malt
826,Bowmore Small Batch,8.27,12,3,SingleMalt-like,I,Scotland,Malt
827,Highland Park Einar,8.27,7,3,SingleMalt-like,I,Scotland,Malt
828,Jura Superstition,8.27,22,3,SingleMalt-like,I,Scotland,Malt
829,Springbank CV,8.27,8,3,SingleMalt-like,I,Scotland,Malt
830,Old Ballantruan Peated (Toumintoul),8.26,9,4,SingleMalt-like,I,Scotland,Malt
831,Bruichladdich 8yo Laddie Eight,8.23,4,4,SingleMalt-like,I,Scotland,Malt
832,Connemara Peated Single Malt,8.22,17,3,SingleMalt-like,I,Ireland,Malt
833,St George's Chapter 9 (peated),8.22,5,3,SingleMalt-like,I,England,Malt
834,Glenrothes Peated Cask Reserve,8.12,3,3,SingleMalt-like,I,Scotland,Malt
835,Jura 10yo Origin,8.06,17,3,SingleMalt-like,I,Scotland,Malt
836,Arran Malt Machrie Moor Peated (all editions),7.93,13,4,SingleMalt-like,I,Scotland,Malt
837,Glenfiddich 12yo Caoran Reserve,7.84,8,5,SingleMalt-like,I,Scotland,Malt
838,Bowmore Legend,7.69,10,2,SingleMalt-like,I,Scotland,Malt
839,Longrow 10yo Tokaji Finish,7.46,6,5,SingleMalt-like,I,Scotland,Malt
840,Brora 35yo,9.42,11,6,SingleMalt-like,J,Scotland,Malt
841,Brora 30yo,9.31,18,6,SingleMalt-like,J,Scotland,Malt
842,Laphroaig 21yo,9.22,10,6,SingleMalt-like,J,Scotland,Malt
843,Ardbeg Uigeadail,9.18,24,4,SingleMalt-like,J,Scotland,Malt
844,Lagavulin 16yo,9.18,28,4,SingleMalt-like,J,Scotland,Malt
845,Laphroaig Cairdeas 2015,9.17,10,4,SingleMalt-like,J,Scotland,Malt
846,Amrut Peated Single Malt Cask Strength,9.15,11,4,SingleMalt-like,J,India,Malt
847,Ardbeg 21yo,9.13,11,6,SingleMalt-like,J,Scotland,Malt
848,Bruichladdich Octomore 8.3,9.13,4,5,SingleMalt-like,J,Scotland,Malt
849,Lagavulin 12yo Cask Strength,9.12,23,5,SingleMalt-like,J,Scotland,Malt
850,Bruichladdich Octomore 6.2,9.08,10,5,SingleMalt-like,J,Scotland,Malt
851,Ardbeg Supernova 2014,9.07,15,6,SingleMalt-like,J,Scotland,Malt
852,Ardbeg Corryvreckan,9.05,23,4,SingleMalt-like,J,Scotland,Malt
853,Ardbeg 17yo,9.04,7,6,SingleMalt-like,J,Scotland,Malt
854,Lagavulin Distiller's Edition (All Vintages),9.04,23,5,SingleMalt-like,J,Scotland,Malt
855,Bruichladdich Octomore 7.3,9.03,10,5,SingleMalt-like,J,Scotland,Malt
856,Longrow 18yo,9.03,12,5,SingleMalt-like,J,Scotland,Malt
857,Ardbeg Alligator,9.02,15,6,SingleMalt-like,J,Scotland,Malt
858,Ardbeg Ardbog,9.02,20,5,SingleMalt-like,J,Scotland,Malt
859,Bruichladdich Octomore 7.1,9.02,12,5,SingleMalt-like,J,Scotland,Malt
860,Compass Box Peat Monster 2014 - 10th Anniversary,9.02,11,3,SingleMalt-like,J,Scotland,Malt
861,Kilchoman 2008 Vintage,9.01,5,4,SingleMalt-like,J,Scotland,Malt
862,Ardbeg Supernova 2015,9,7,6,SingleMalt-like,J,Scotland,Malt
863,Laphroaig 18yo,9,21,5,SingleMalt-like,J,Scotland,Malt
864,AnCnoc Cutter,8.98,9,4,SingleMalt-like,J,Scotland,Malt
865,Bruichladdich Octomore 10 (Second Edition),8.98,11,5,SingleMalt-like,J,Scotland,Malt
866,Kilchoman Original Cask Strength,8.96,8,4,SingleMalt-like,J,Scotland,Malt
867,Kilchoman 2007 Vintage,8.95,9,4,SingleMalt-like,J,Scotland,Malt
868,Laphroaig 10yo Cask Strength (all batches),8.95,21,4,SingleMalt-like,J,Scotland,Malt
869,Laphroaig Cairdeas 2014 Amontillado,8.95,11,4,SingleMalt-like,J,Scotland,Malt
870,Bruichladdich Octomore 8.1,8.94,3,5,SingleMalt-like,J,Scotland,Malt
871,Smogen Single Cask 4yo 7/2011,8.94,4,5,SingleMalt-like,J,Sweden,Malt
872,Box The Festival 2014,8.93,3,5,SingleMalt-like,J,Sweden,Malt
873,Compass Box Peat Monster 2008 Reserve Edition,8.93,3,3,SingleMalt-like,J,Scotland,Malt
874,Ardbeg 10yo,8.91,25,3,SingleMalt-like,J,Scotland,Malt
875,Ardbeg Dark Cove,8.91,18,5,SingleMalt-like,J,Scotland,Malt
876,Ichiro's Malt Chichibu The Peated,8.91,10,6,SingleMalt-like,J,Japan,Malt
877,Amrut 100 Peated,8.9,7,4,SingleMalt-like,J,India,Malt
878,Bruichladdich Octomore 10,8.89,5,6,SingleMalt-like,J,Scotland,Malt
879,Bruichladdich Port Charlotte Islay Barley Heavily Peated,8.89,3,4,SingleMalt-like,J,Scotland,Malt
880,AnCnoc Rutter,8.88,8,4,SingleMalt-like,J,Scotland,Malt
881,Ardbeg An Oa,8.88,11,4,SingleMalt-like,J,Scotland,Malt
882,Lagavulin 8yo,8.88,20,4,SingleMalt-like,J,Scotland,Malt
883,Compass Box Monster 2004,8.87,3,3,SingleMalt-like,J,Scotland,Malt
884,Compass Box Peat Monster 2015 Cask Strength,8.87,5,4,SingleMalt-like,J,Scotland,Malt
885,Brora 21yo,8.86,4,6,SingleMalt-like,J,Scotland,Malt
886,Laphroaig An Cuan Mor,8.85,14,4,SingleMalt-like,J,Scotland,Malt
887,Laphroaig Cairdeas 2016 Madeira,8.85,13,4,SingleMalt-like,J,Scotland,Malt
888,Smogen Single Cask (all editions),8.85,4,5,SingleMalt-like,J,Sweden,Malt
889,Ardbeg Auriverdes,8.84,19,5,SingleMalt-like,J,Scotland,Malt
890,Bruichladdich Octomore 7.2,8.84,10,5,SingleMalt-like,J,Scotland,Malt
891,Laphroaig 10yo,8.84,23,3,SingleMalt-like,J,Scotland,Malt
892,Wemyss Malts Kiln Embers,8.84,4,3,SingleMalt-like,J,Scotland,Malt
893,Ardbeg Perpetuum,8.83,16,5,SingleMalt-like,J,Scotland,Malt
894,Big Peat Christmas Edition (2012-2016),8.82,12,4,SingleMalt-like,J,Scotland,Malt
895,Bunnahabhain Ceí_banach,8.82,12,4,SingleMalt-like,J,Scotland,Malt
896,Ardbeg Kelpie,8.81,9,5,SingleMalt-like,J,Scotland,Malt
897,Laphroaig 15yo (200th Anniversary),8.81,17,4,SingleMalt-like,J,Scotland,Malt
898,Longrow CV,8.81,17,3,SingleMalt-like,J,Scotland,Malt
899,BenRiach 18yo Dunder,8.79,5,5,SingleMalt-like,J,Scotland,Malt
900,Kilchoman Machir Bay (all vintages),8.78,22,4,SingleMalt-like,J,Scotland,Malt
901,Longrow Peated,8.78,16,3,SingleMalt-like,J,Scotland,Malt
902,Amrut Portpipe Peated Single Cask (all casks),8.77,11,4,SingleMalt-like,J,India,Malt
903,Bruichladdich Octomore 6.1,8.77,15,5,SingleMalt-like,J,Scotland,Malt
904,Bruichladdich Octomore 6.3,8.77,10,5,SingleMalt-like,J,Scotland,Malt
905,Compass Box Peat Monster (all editions),8.76,21,3,SingleMalt-like,J,Scotland,Malt
906,Connemara Turf Mor,8.75,11,4,SingleMalt-like,J,Ireland,Malt
907,Compass Box Peat Monster 2015,8.74,3,3,SingleMalt-like,J,Scotland,Malt
908,Kilchoman 100% Islay (all editions),8.73,18,4,SingleMalt-like,J,Scotland,Malt
909,Kilchoman Spring 2011 Release,8.73,8,4,SingleMalt-like,J,Scotland,Malt
910,Ileach Peated Islay Cask Strength,8.72,12,3,SingleMalt-like,J,Scotland,Malt
911,Compass Box Peat Monster 2012,8.71,10,3,SingleMalt-like,J,Scotland,Malt
912,Laphroaig Triple Wood,8.71,20,4,SingleMalt-like,J,Scotland,Malt
913,Amrut Peated Single Malt,8.7,12,4,SingleMalt-like,J,India,Malt
914,Compass Box Peat Monster 2005,8.7,4,3,SingleMalt-like,J,Scotland,Malt
915,Caol Ila Distiller's Edition (all editions),8.69,16,4,SingleMalt-like,J,Scotland,Malt
916,Laphroaig Cairdeas 2017,8.68,6,4,SingleMalt-like,J,Scotland,Malt
917,Smogen Single Cask 4yo 20/2011,8.68,3,5,SingleMalt-like,J,Sweden,Malt
918,Jura Prophecy,8.67,17,4,SingleMalt-like,J,Scotland,Malt
919,Laphroaig Lore,8.62,17,5,SingleMalt-like,J,Scotland,Malt
920,AnCnoc Flaughter,8.58,11,4,SingleMalt-like,J,Scotland,Malt
921,Bruichladdich Octomore 7.4,8.58,9,5,SingleMalt-like,J,Scotland,Malt
922,Bunnahabhain Toiteach,8.58,16,4,SingleMalt-like,J,Scotland,Malt
923,BenRiach 17yo Septendecim Peated,8.55,18,4,SingleMalt-like,J,Scotland,Malt
924,Kilchoman Winter 2010 Release,8.53,4,4,SingleMalt-like,J,Scotland,Malt
925,Bruichladdich Port Charlotte The Peat Project,8.5,7,4,SingleMalt-like,J,Scotland,Malt
926,Compass Box Peat Monster 2010,8.47,3,3,SingleMalt-like,J,Scotland,Malt
927,Finlaggan Old Reserve,8.46,15,2,SingleMalt-like,J,Scotland,Malt
928,Benromach Peat Smoke,8.43,15,4,SingleMalt-like,J,Scotland,Malt
929,Ileach Peated Islay,8.38,8,2,SingleMalt-like,J,Scotland,Malt
930,Laphroaig Quarter Cask,8.31,24,4,SingleMalt-like,J,Scotland,Malt
931,Bunnahabhain Cruach Mhona,8.3,6,3,SingleMalt-like,J,Scotland,Malt
932,McClelland's Islay Single Malt,7.95,8,2,SingleMalt-like,J,Scotland,Malt
933,Tomintoul Peaty Tang,7.89,11,2,SingleMalt-like,J,Scotland,Malt
934,Laphroaig QA Cask,7.27,10,3,SingleMalt-like,J,Scotland,Malt
935,Santis Edition Dreifaltigkeit / Cask Strength Peated,7.15,11,4,SingleMalt-like,J,Switzerland,Malt
936,Compass Box The General,9.18,10,6,Scotch-like,N,Scotland,Blend
937,Compass Box Hedonism Quindecimus,8.93,8,5,Scotch-like,N,Scotland,Blend
938,Chivas Regal Ultis,8.89,7,5,Scotch-like,N,Scotland,Blend
939,Compass Box The Circus,8.85,5,5,Scotch-like,N,Scotland,Blend
940,Powers 12yo John's Lane,8.84,16,4,Scotch-like,N,Ireland,Blend
941,Ballantine's 17yo,8.78,14,4,Scotch-like,N,Scotland,Blend
942,High West Campfire,8.78,14,4,Scotch-like,N,USA,Blend
943,Yellow Spot,8.76,15,4,Scotch-like,N,Ireland,Blend
944,Chivas Regal 25yo,8.75,8,6,Scotch-like,N,Scotland,Blend
945,Grant's 18yo,8.71,6,3,Scotch-like,N,Scotland,Blend
946,The Irishman Cask Strength,8.66,4,5,Scotch-like,N,Ireland,Blend
947,Hankey Bannister 12yo Regency,8.65,7,2,Scotch-like,N,Scotland,Blend
948,Hankey Bannister Heritage,8.64,5,2,Scotch-like,N,Scotland,Blend
949,Powers 12yo Reserve,8.61,6,3,Scotch-like,N,Ireland,Blend
950,Jameson 18yo Limited Reserve,8.6,10,5,Scotch-like,N,Ireland,Blend
951,Compass Box Great King St Artist's Blend,8.59,21,2,Scotch-like,N,Scotland,Blend
952,Hankey Bannister 21yo Partner's Reserve,8.55,5,4,Scotch-like,N,Scotland,Blend
953,Jameson Round Irish Whiskey,8.55,3,4,Scotch-like,N,Ireland,Blend
954,Chivas Royal Salute 21yo,8.53,8,5,Scotch-like,N,Scotland,Blend
955,Compass Box Great King St Glasgow Blend,8.53,14,3,Scotch-like,N,Scotland,Blend
956,Johnnie Walker Blue Label,8.53,17,5,Scotch-like,N,Scotland,Blend
957,Johnnie Walker Green Label,8.53,21,4,Scotch-like,N,Scotland,Blend
958,Teeling Single Grain (Wine Cask Finish),8.52,11,3,Scotch-like,N,Ireland,Grain
959,The Nikka 12yo Premium Blended,8.52,5,4,Scotch-like,N,Japan,Blend
960,Cutty Sark Prohibition,8.5,14,2,Scotch-like,N,Scotland,Blend
961,Ichiro's Malt & Grain,8.5,3,5,Scotch-like,N,Japan,Blend
962,Jameson Cooper's Croze Irish Whiskey,8.49,8,4,Scotch-like,N,Ireland,Blend
963,Johnnie Walker Exploreräó»s Club The Gold Route,8.49,8,4,Scotch-like,N,Scotland,Blend
964,Writers Tears Pot Still Irish Whiskey,8.49,19,2,Scotch-like,N,Ireland,Blend
965,Nikka Coffey Grain,8.48,18,4,Scotch-like,N,Japan,Grain
966,Compass Box Delilah's,8.47,8,4,Scotch-like,N,Scotland,Blend
967,Compass Box Hedonism,8.47,18,4,Scotch-like,N,Scotland,Blend
968,Famous Grouse Gold Reserve 12yo,8.47,10,2,Scotch-like,N,Scotland,Blend
969,Grant's 12yo,8.47,5,2,Scotch-like,N,Scotland,Blend
970,Jameson Blender's Dog Irish Whiskey,8.46,6,4,Scotch-like,N,Ireland,Blend
971,Jameson Gold Reserve,8.46,10,4,Scotch-like,N,Ireland,Blend
972,Tí© Bheag,8.46,15,2,Scotch-like,N,Scotland,Blend
973,Johnnie Walker Double Black,8.43,15,2,Scotch-like,N,Scotland,Blend
974,Powers Signature Release,8.43,6,3,Scotch-like,N,Ireland,Blend
975,Johnnie Walker Platinum Label,8.42,17,4,Scotch-like,N,Scotland,Blend
976,Three Ships 10yo,8.41,9,4,Scotch-like,N,South Africa,Blend
977,Johnnie Walker 10yo Rye Cask Finish,8.39,6,3,Scotch-like,N,Scotland,Blend
978,Kirin 50% Blend (Fuji Gotemba),8.39,3,4,Scotch-like,N,Japan,Blend
979,Jameson Signature Reserve,8.38,5,2,Scotch-like,N,Ireland,Blend
980,Johnnie Walker Exploreräó»s Club The Spice Road,8.38,9,2,Scotch-like,N,Scotland,Blend
981,Jameson 12yo Special Reserve,8.37,11,4,Scotch-like,N,Ireland,Blend
982,Jameson Select Reserve (Black Barrel),8.37,18,2,Scotch-like,N,Ireland,Blend
983,Johnnie Walker Exploreräó»s Club The Royal Route,8.35,8,5,Scotch-like,N,Scotland,Blend
984,Suntory Old Whisky,8.32,8,3,Scotch-like,N,Japan,Blend
985,Suntory The Chita Single Grain,8.32,7,3,Scotch-like,N,Japan,Blend
986,Johnnie Walker Gold Label Reserve,8.31,18,4,Scotch-like,N,Scotland,Blend
987,The Irishman Founderäó»s Reserve,8.3,8,2,Scotch-like,N,Ireland,Blend
988,Jameson Bold Irish Whiskey,8.29,4,4,Scotch-like,N,Ireland,Blend
989,Jameson Distiller's Safe Irish Whiskey,8.26,7,4,Scotch-like,N,Ireland,Blend
990,Johnnie Walker 12yo Black Label,8.26,24,2,Scotch-like,N,Scotland,Blend
991,Blandnoch Pure Scot,8.24,5,3,Scotch-like,N,Scotland,Blend
992,Glendalough Double Barrel,8.24,7,2,Scotch-like,N,Ireland,Grain
993,Chivas Regal 18yo,8.23,15,4,Scotch-like,N,Scotland,Blend
994,Suntory Toki,8.23,10,3,Scotch-like,N,Japan,Blend
995,Jameson Caskmates Stout Edition,8.22,9,2,Scotch-like,N,Ireland,Blend
996,Jameson Crested Irish Whiskey,8.22,4,2,Scotch-like,N,Ireland,Blend
997,Compass Box Asyla,8.19,14,3,Scotch-like,N,Scotland,Blend
998,Black Bottle (pre-2013),8.18,15,2,Scotch-like,N,Scotland,Blend
999,Kilbeggan 8yo Single Grain (Greenore),8.15,12,2,Scotch-like,N,Ireland,Grain
1000,Bain's Cape Mountain Whisky,8.14,9,2,Scotch-like,N,South Africa,Grain
1001,Famous Jubilee,8.14,3,2,Scotch-like,N,Scotland,Blend
1002,Teeling Poitin,8.14,5,2,Scotch-like,N,Ireland,Blend
1003,The Irishman Original Clan Irish Whiskey,8.14,4,2,Scotch-like,N,Ireland,Blend
1004,Bank Note 5yo Blended Scotch,8.1,5,0,Scotch-like,N,Scotland,Blend
1005,Yamazakura 16yo Blended Whisky,8.08,3,5,Scotch-like,N,Japan,Blend
1006,Catto's 12yo,8.06,5,2,Scotch-like,N,Scotland,Blend
1007,2 Gingers Irish Whiskey,8.05,3,2,Scotch-like,N,Ireland,Blend
1008,Cutty Sark Storm,8.05,8,0,Scotch-like,N,Scotland,Blend
1009,Three Ships 5yo,8.05,9,0,Scotch-like,N,South Africa,Blend
1010,Black Bottle (after 2013 re-launch),8.02,13,2,Scotch-like,N,Scotland,Blend
1011,Catto's Rare Old,8.02,5,0,Scotch-like,N,Scotland,Blend
1012,Kakubin (Suntory Whisky),8.01,5,2,Scotch-like,N,Japan,Blend
1013,West Cork Original Irish Whiskey,8.01,3,2,Scotch-like,N,Ireland,Blend
1014,Grant's Blended Sherry Cask,8,6,0,Scotch-like,N,Scotland,Blend
1015,Powers Gold Label,7.99,12,2,Scotch-like,N,Ireland,Blend
1016,Tullamore Dew Blended 12yo,7.98,10,3,Scotch-like,N,Ireland,Blend
1017,Famous Grouse Smoky Black (Black Grouse),7.95,20,2,Scotch-like,N,Scotland,Blend
1018,Teacher's Highland Cream,7.95,11,0,Scotch-like,N,Scotland,Blend
1019,Dewar's 12yo,7.94,14,2,Scotch-like,N,Scotland,Blend
1020,Highland Queen,7.92,3,0,Scotch-like,N,Scotland,Malt
1021,Grand Macnish,7.91,6,0,Scotch-like,N,Scotland,Blend
1022,Islay Mist 8yo,7.91,9,0,Scotch-like,N,Scotland,Blend
1023,Jameson Lively Irish Whiskey,7.9,3,4,Scotch-like,N,Ireland,Blend
1024,Johnnie Walker Exploreräó»s Club The Adventurer,7.88,3,2,Scotch-like,N,Scotland,Blend
1025,Hankey Bannister Original,7.87,6,0,Scotch-like,N,Scotland,Blend
1026,Tullamore Dew Blended,7.84,19,2,Scotch-like,N,Ireland,Blend
1027,Jameson Irish Whiskey,7.83,21,2,Scotch-like,N,Ireland,Blend
1028,Chivas Regal 12yo,7.79,23,2,Scotch-like,N,Scotland,Blend
1029,Grant's Family Reserve Blended,7.69,14,0,Scotch-like,N,Scotland,Blend
1030,The Quiet Man Traditional Irish Whiskey,7.69,8,2,Scotch-like,N,Ireland,Blend
1031,Bushmills Original Blended,7.67,17,2,Scotch-like,N,Ireland,Blend
1032,Famous Grouse,7.65,20,0,Scotch-like,N,Scotland,Blend
1033,Compass Box Orangerie,7.64,9,2,Scotch-like,N,Scotland,Blend
1034,Ballantine's Finest,7.62,12,0,Scotch-like,N,Scotland,Blend
1035,White Oak Akashi Blended,7.59,8,3,Scotch-like,N,Japan,Blend
1036,Bell's Original Scotch Whisky,7.57,8,0,Scotch-like,N,Scotland,Blend
1037,Cutty Sark,7.54,15,0,Scotch-like,N,Scotland,Blend
1038,Dewar's White Label,7.51,14,2,Scotch-like,N,Scotland,Blend
1039,Whyte & Mackay Special Reserve,7.47,7,0,Scotch-like,N,Scotland,Blend
1040,Johnnie Walker Red Label,7.36,21,0,Scotch-like,N,Scotland,Blend
1041,P&M Blended Whisky,7.31,5,0,Scotch-like,N,France,Blend
1042,Passport Blended Scotch,7.29,8,0,Scotch-like,N,Scotland,Blend
1043,J&B Rare,6.95,11,0,Scotch-like,N,Scotland,Blend
1044,Yamazakura Blended Whisky,6.69,3,3,Scotch-like,N,Japan,Blend
1045,Booker's Rye,9.2,9,6,Rye-like,R4,USA,Rye
1046,Lot 40 Cask Strength (Single Cask),9.18,6,4,Rye-like,N,Canada,Rye
1047,High West Rocky Mountain Rye 21yo,9.15,9,6,Rye-like,R4,USA,Rye
1048,Thomas H. Handy Sazerac,9.11,18,6,Rye-like,R4,USA,Rye
1049,High West Rocky Mountain Rye 16yo,9.1,6,5,Rye-like,R4,USA,Rye
1050,Lot 40 Cask Strength 12 Year Old (2017),9.1,10,4,Rye-like,N,Canada,Rye
1051,High West Midwinter Nightäó»s Dram Rye,9.09,14,5,Rye-like,R4,USA,Rye
1052,Van Winkle Family Reserve Rye 13yo,9.07,10,6,Rye-like,R4,USA,Rye
1053,Canadian Club 30yo,9,6,5,Rye-like,N,Canada,Blend
1054,Gibson's Finest Rare 18yo,8.98,10,4,Rye-like,N,Canada,Blend
1055,Canadian Club 40yo,8.97,8,5,Rye-like,N,Canada,Blend
1056,J.P. Wiser's Legacy,8.97,16,2,Rye-like,N,Canada,Blend
1057,Canadian Rockies 21yo,8.94,8,3,Rye-like,N,Canada,Blend
1058,J.P. Wiseräó»s 35yo,8.94,13,5,Rye-like,N,Canada,Rye
1059,Sazerac 18yo,8.94,16,6,Rye-like,R4,USA,Rye
1060,J.P. Wiser's Dissertation,8.93,8,3,Rye-like,N,Canada,Blend
1061,High West Rendezvous Rye,8.92,18,4,Rye-like,R4,USA,Rye
1062,"Forty Creek Confederation Oak (Batch C, D)",8.91,3,3,Rye-like,N,Canada,Blend
1063,Michter's Barrel Strength Rye,8.9,6,4,Rye-like,R4,USA,Rye
1064,Willett Family Estate 6yo Rye,8.9,5,4,Rye-like,R4,USA,Rye
1065,Lot 40,8.89,22,2,Rye-like,N,Canada,Rye
1066,Amrut Rye,8.88,7,4,Rye-like,N,India,Rye
1067,Willett Family Estate 7yo Rye,8.88,5,4,Rye-like,R4,USA,Rye
1068,Masterson's Straight Rye 10yo,8.86,17,4,Rye-like,N,Canada,Rye
1069,Whistlepig The Boss Hog,8.86,11,5,Rye-like,N,Canada,Blend
1070,High West Double Rye Manhattan Barrel,8.85,5,3,Rye-like,R4,USA,Rye
1071,Crown Royal Hand Selected Barrel,8.84,10,3,Rye-like,N,Canada,Blend
1072,Michter's 10yo Single Barrel Rye,8.83,7,6,Rye-like,R4,USA,Rye
1073,Willett Family Estate 4yo Rye,8.83,8,3,Rye-like,R4,USA,Rye
1074,Forty Creek Heritage 2017,8.82,4,3,Rye-like,N,Canada,Blend
1075,"Forty Creek Confederation Oak (Batch A, B)",8.81,17,3,Rye-like,N,Canada,Blend
1076,J.P. Wiser's Union 52,8.81,10,3,Rye-like,N,Canada,Blend
1077,Whistlepig 10yo,8.81,16,4,Rye-like,N,Canada,Blend
1078,Forty Creek Port Wood Reserve 2011/2012,8.8,10,4,Rye-like,N,Canada,Blend
1079,J.P. Wiseräó»s Red Letter,8.79,13,4,Rye-like,N,Canada,Blend
1080,Willett Family Estate 5yo Rye,8.79,4,4,Rye-like,R4,USA,Rye
1081,Forty Creek Confederation Oak (All Batches),8.78,19,3,Rye-like,N,Canada,Blend
1082,Willett Family Estate 25yo Rye,8.77,3,6,Rye-like,R4,USA,Rye
1083,Forty Creek Heart of Gold,8.76,10,4,Rye-like,N,Canada,Blend
1084,Highwood Ninety Rye 20yo,8.75,12,2,Rye-like,N,Canada,Blend
1085,Willett Family Estate Rye (all ages),8.75,16,4,Rye-like,R4,USA,Rye
1086,High West Bourye,8.74,10,4,Rye-like,R4,USA,Blend
1087,Willett Family Estate 3yo Rye,8.74,8,3,Rye-like,R4,USA,Rye
1088,Pikesville Straight Rye,8.73,16,4,Rye-like,R4,USA,Rye
1089,Colonel E.H. Taylor Straight Rye,8.72,10,4,Rye-like,R4,USA,Rye
1090,High West Double Rye,8.72,17,2,Rye-like,R4,USA,Rye
1091,Century Reserve 21yo,8.71,11,2,Rye-like,N,Canada,Blend
1092,Forty Creek Double Barrel Reserve,8.71,12,3,Rye-like,N,Canada,Blend
1093,Millstone 100 Rye,8.71,9,4,Rye-like,N,Netherlands,Rye
1094,Forty Creek Copper Pot Reserve,8.7,14,0,Rye-like,N,Canada,Blend
1095,Russell's Reserve 6yo Rye,8.7,7,3,Rye-like,R4,USA,Rye
1096,Crown Royal Noble Collection Wine Barrel Finished,8.69,6,3,Rye-like,N,Canada,Blend
1097,Jack Daniel's Single Barrel Rye,8.68,6,3,Rye-like,R4,USA,Rye
1098,Pike Creek 21yo Speyside Cask Finish,8.68,9,4,Rye-like,N,Canada,Blend
1099,Angeläó»s Envy Rye (Rum-finished),8.67,10,4,Rye-like,R4,USA,Rye
1100,Michter's Single Barrel Straight Rye,8.66,11,3,Rye-like,R4,USA,Rye
1101,Alberta Rye Dark Batch,8.65,10,2,Rye-like,N,Canada,Blend
1102,Gooderham & Worts Four Grain,8.65,13,2,Rye-like,N,Canada,Blend
1103,Canadian Club 20yo,8.64,11,3,Rye-like,N,Canada,Blend
1104,FEW Rye Whisky,8.64,7,4,Rye-like,R4,USA,Rye
1105,Alberta Premium Dark Horse,8.62,17,0,Rye-like,N,Canada,Blend
1106,Crown Royal Monarch 75th Anniversary,8.62,12,3,Rye-like,N,Canada,Blend
1107,Gooderham & Worts 17yo Little Trinity Three Grain,8.62,9,4,Rye-like,N,Canada,Blend
1108,Masterson's Straight Wheat 12yo,8.62,9,4,Rye-like,N,Canada,Wheat
1109,Jefferson's Straight Rye 10yo,8.61,7,3,Rye-like,R4,USA,Rye
1110,Smooth Ambler Old Scout 7yo Rye,8.6,8,3,Rye-like,R4,USA,Rye
1111,Forty Creek Evolution,8.59,9,3,Rye-like,N,Canada,Blend
1112,Rittenhouse Rye 100 Proof,8.59,18,2,Rye-like,R4,USA,Rye
1113,Sazerac Straight Rye,8.58,15,2,Rye-like,R4,USA,Rye
1114,Crown Royal XO,8.57,8,3,Rye-like,N,Canada,Blend
1115,J.P. Wiseräó»s 18yo,8.57,18,3,Rye-like,N,Canada,Blend
1116,Masterson's Straight Barley 10yo,8.57,7,4,Rye-like,N,Canada,Barley
1117,Collingwood 21yo,8.56,13,3,Rye-like,N,Canada,Blend
1118,High West Double Rye Campfire Barrel,8.56,5,3,Rye-like,R4,USA,Rye
1119,Caribou Crossing Single Barrel,8.55,13,4,Rye-like,N,Canada,Blend
1120,Crown Royal Northern Harvest Rye,8.55,18,2,Rye-like,N,Canada,Blend
1121,Stalk & Barrel Rye,8.54,5,3,Rye-like,N,Canada,Blend
1122,Knob Creek Small Batch Straight Rye Whiskey,8.53,17,3,Rye-like,R4,USA,Rye
1123,Pike Creek 10yo Rum-finished,8.53,9,2,Rye-like,N,Canada,Blend
1124,"Forty Creek Confederation Oak (Batch E, F)",8.52,5,3,Rye-like,N,Canada,Blend
1125,J.P. Wiser's Small Batch,8.52,11,0,Rye-like,N,Canada,Blend
1126,Danfield's 21yo,8.51,13,2,Rye-like,N,Canada,Blend
1127,J.P. Wiseräó»s One Fifty,8.5,8,2,Rye-like,N,Canada,Blend
1128,Wild Turkey 101 Rye,8.48,13,2,Rye-like,R4,USA,Rye
1129,Willett Family Estate 2yo Rye,8.48,9,3,Rye-like,R4,USA,Rye
1130,Forty Creek Founder's Reserve,8.47,6,3,Rye-like,N,Canada,Blend
1131,Crown Royal Reserve,8.46,15,3,Rye-like,N,Canada,Blend
1132,George Dickel Rye,8.46,14,2,Rye-like,R4,USA,Rye
1133,Jim Beam Pre-Prohibition Rye,8.46,6,0,Rye-like,R4,USA,Rye
1134,J.P. Wiser's Triple Barrel Rye,8.45,6,0,Rye-like,N,Canada,Blend
1135,Prichardäó»s Rye,8.45,3,4,Rye-like,R4,USA,Rye
1136,Forty Creek Barrel Select,8.43,17,0,Rye-like,N,Canada,Blend
1137,High West Son of Bourye,8.43,12,3,Rye-like,R4,USA,Blend
1138,J.P. Wiseräó»s 15yo,8.42,6,3,Rye-like,N,Canada,Blend
1139,Stalk & Barrel Rye (Cask Strength),8.42,9,3,Rye-like,N,Canada,Blend
1140,Potter's Special Old,8.4,4,0,Rye-like,N,Canada,Blend
1141,High West Yippee Ki-Yay,8.39,8,4,Rye-like,R4,USA,Rye
1142,Woodford Reserve Straight Rye,8.39,10,2,Rye-like,R4,USA,Rye
1143,Canadian Club Reserve 10yo,8.37,9,2,Rye-like,N,Canada,Blend
1144,Crown Royal Noble Collection Cornerstone Blend,8.37,5,3,Rye-like,N,Canada,Blend
1145,Pike Creek 10yo Port-finished,8.35,13,2,Rye-like,N,Canada,Blend
1146,Stalk & Barrel Red Blend,8.35,5,2,Rye-like,N,Canada,Blend
1147,Centennial 10yo,8.34,6,0,Rye-like,N,Canada,Blend
1148,J.P. Wiser's Double Still Rye,8.34,8,0,Rye-like,N,Canada,Blend
1149,Forty Creek Three Grain Harmony,8.33,8,3,Rye-like,N,Canada,Blend
1150,Jack Daniel's Rested Tennessee Rye (Batch 1/2),8.32,4,3,Rye-like,R4,USA,Rye
1151,Bulleit Rye,8.31,18,2,Rye-like,R4,USA,Rye
1152,Canadian Club 100% Rye,8.3,16,0,Rye-like,N,Canada,Rye
1153,Yellow Rose Straight Rye,8.3,5,3,Rye-like,R4,USA,Rye
1154,Crown Royal Limited Edition,8.29,11,2,Rye-like,N,Canada,Blend
1155,66 Gilead Crimson Rye,8.27,7,2,Rye-like,N,Canada,Blend
1156,Alberta Springs 10yo,8.27,9,0,Rye-like,N,Canada,Blend
1157,Willett Family Estate Rye XCF 1.0,8.27,4,5,Rye-like,R4,USA,Rye
1158,Pendleton 1910,8.26,9,2,Rye-like,N,Canada,Blend
1159,Gibson's Bold 8yo,8.24,5,0,Rye-like,N,Canada,Blend
1160,Crown Royal Black,8.2,16,2,Rye-like,N,Canada,Blend
1161,Canadian Club Sherry Cask,8.19,8,2,Rye-like,N,Canada,Blend
1162,Stalk & Barrel 11+1 Canadian whisky,8.19,17,2,Rye-like,N,Canada,Blend
1163,Hiram Walker Special Old Rye,8.17,9,0,Rye-like,N,Canada,Blend
1164,Alberta Premium,8.16,12,0,Rye-like,N,Canada,Blend
1165,Canadian Club Classic 12yo (Small Batch),8.12,13,0,Rye-like,N,Canada,Blend
1166,Koval Single Barrel Rye,8.12,5,3,Rye-like,R4,USA,Rye
1167,Century Reserve Lot 15/25,8.11,6,0,Rye-like,N,Canada,Blend
1168,Coyote Ugly,8.08,5,0,Rye-like,N,Canada,Blend
1169,Canada Gold,8.07,5,0,Rye-like,N,Canada,Blend
1170,Canadian Mist Black Diamond,8.06,6,0,Rye-like,N,Canada,Blend
1171,Royal Canadian Small Batch,8.06,13,2,Rye-like,N,Canada,Blend
1172,Wild Turkey 81 Rye,8.05,7,2,Rye-like,R4,USA,Rye
1173,Collingwood,8.04,10,2,Rye-like,N,Canada,Blend
1174,Ezra Brooks Rye,8.04,3,0,Rye-like,R4,USA,Rye
1175,Gibson's Finest Sterling,8.01,9,0,Rye-like,N,Canada,Blend
1176,Canadian Club Reserve 9yo,8,5,0,Rye-like,N,Canada,Blend
1177,Twelve Barrels,8,5,2,Rye-like,N,Canada,Blend
1178,Jim Beam Rye,7.99,11,0,Rye-like,R4,USA,Rye
1179,Templeton Rye,7.99,7,3,Rye-like,R4,USA,Rye
1180,Highwood Ninety 5yo,7.98,8,0,Rye-like,N,Canada,Blend
1181,Pendleton (Let'er Buck),7.98,14,2,Rye-like,N,Canada,Blend
1182,J.P. Wiseräó»s Rye,7.97,9,0,Rye-like,N,Canada,Blend
1183,J.P. Wiser's Hopped,7.97,6,0,Rye-like,N,Canada,Blend
1184,Stalk & Barrel Blue Blend,7.94,4,2,Rye-like,N,Canada,Blend
1185,J.P. Wiser's Deluxe,7.93,11,0,Rye-like,N,Canada,Blend
1186,Wayne Gretzky No. 99 Red Cask,7.9,9,2,Rye-like,N,Canada,Blend
1187,Gibson's Finest 12yo,7.86,12,0,Rye-like,N,Canada,Blend
1188,Schenley Golden Wedding,7.81,10,0,Rye-like,N,Canada,Blend
1189,Rich and Rare,7.78,6,0,Rye-like,N,Canada,Blend
1190,Rich and Rare Reserve,7.76,7,0,Rye-like,N,Canada,Blend
1191,Black Velvet 3yo,7.74,9,0,Rye-like,N,Canada,Blend
1192,Seagram's VO,7.73,10,0,Rye-like,N,Canada,Blend
1193,Silk Tassel,7.69,4,0,Rye-like,N,Canada,Blend
1194,Canadian Mist,7.6,11,0,Rye-like,N,Canada,Blend
1195,Crown Royal,7.59,19,0,Rye-like,N,Canada,Blend
1196,8 Seconds,7.54,5,2,Rye-like,N,Canada,Blend
1197,J.P. Wiser's Special Blend,7.4,6,0,Rye-like,N,Canada,Blend
1198,Seagram's Canadian 83,7.34,7,0,Rye-like,N,Canada,Blend
1199,Canadian Club (Premium),7.31,18,0,Rye-like,N,Canada,Blend
1200,Black Velvet Reserve 8yo,7.24,3,0,Rye-like,N,Canada,Blend
1201,Proof Whisky,7.21,9,2,Rye-like,N,Canada,Blend
1202,Black Velvet Deluxe,7.12,8,0,Rye-like,N,Canada,Blend
1203,Ellington Reserve 8yo,6.91,4,0,Rye-like,N,Canada,Blend
1204,Willett Family Estate 22yo Bourbon,9.32,3,6,Bourbon-like,R2,USA,Bourbon
1205,Parkeräó»s Heritage 2nd 27yo Kentucky Straight Boubon,9.28,3,6,Bourbon-like,R1,USA,Bourbon
1206,Pappy Van Winkle Family Reserve Bourbon 20yo,9.25,14,6,Bourbon-like,R0,USA,Bourbon
1207,Pappy Van Winkle Family Reserve Bourbon 15yo,9.24,11,6,Bourbon-like,R0,USA,Bourbon
1208,William Larue Weller,9.24,16,6,Bourbon-like,R0,USA,Bourbon
1209,George T Stagg,9.2,23,6,Bourbon-like,R1,USA,Bourbon
1210,Parkeräó»s Heritage 7th 10yo Promise of Hope,9.2,9,6,Bourbon-like,R1,USA,Bourbon
1211,Willett Family Estate 24yo Bourbon,9.19,3,6,Bourbon-like,R2,USA,Bourbon
1212,Elijah Craig 21yo,9.16,6,6,Bourbon-like,R1,USA,Bourbon
1213,Wild Turkey 15yo American Spirit,9.13,3,6,Bourbon-like,R2,USA,Bourbon
1214,Parkeräó»s Heritage 4th 10yo Wheated Mash Bill Bourbon,9.09,5,6,Bourbon-like,R0,USA,Bourbon
1215,Parkeräó»s Heritage 5th 10yo Cognac Barrel Finished,9.07,9,6,Bourbon-like,R1,USA,Bourbon
1216,"Buffalo Trace Experimental Collection 12yo floor #5 (rye, 2014)",9.06,5,5,Bourbon-like,R1,USA,Bourbon
1217,Four Roses Small Batch Limited Edition,9.05,17,6,Bourbon-like,R3,USA,Bourbon
1218,Parkeräó»s Heritage 6th Blend of Mashbills,9.05,6,6,Bourbon-like,R1,USA,Bourbon
1219,William Heavenhill BiB,9.05,5,6,Bourbon-like,R2,USA,Bourbon
1220,Michter's 20yo Single Barrel Bourbon,9.04,5,6,Bourbon-like,R1,USA,Bourbon
1221,Parkeräó»s Heritage 11th 2017 11yo,9.04,4,5,Bourbon-like,R1,USA,Bourbon
1222,Willett Family Estate 8yo Bourbon,9.02,3,4,Bourbon-like,R2,USA,Bourbon
1223,Wild Turkey Master's Keep Decades,9.01,7,5,Bourbon-like,R2,USA,Bourbon
1224,Willett Family Estate Bourbon (all ages),8.96,16,4,Bourbon-like,R2,USA,Bourbon
1225,Blanton's Straight from the Barrel Bourbon,8.95,11,4,Bourbon-like,R2,USA,Bourbon
1226,Colonel E.H. Taylor Four Grain,8.94,6,4,Bourbon-like,R1,USA,Bourbon
1227,Willett Family Estate 17yo Bourbon,8.92,3,6,Bourbon-like,R2,USA,Bourbon
1228,Willett Family Estate 7yo Bourbon,8.92,3,4,Bourbon-like,R2,USA,Bourbon
1229,Heaven Hill Select Stock Barrel,8.91,3,5,Bourbon-like,R1,USA,Bourbon
1230,Colonel EH Taylor Barrel Proof,8.9,8,4,Bourbon-like,R1,USA,Bourbon
1231,Elijah Craig Barrel Proof,8.9,12,4,Bourbon-like,R1,USA,Bourbon
1232,Jack Daniel's 150th Anniversary,8.9,3,3,Bourbon-like,R1,USA,Bourbon
1233,Old Rip Van Winkle 10yo,8.89,11,6,Bourbon-like,R0,USA,Bourbon
1234,Wild Turkey 17yo Master's Keep,8.88,8,5,Bourbon-like,R2,USA,Bourbon
1235,Stagg Jr (batches 3-9),8.87,9,4,Bourbon-like,R1,USA,Bourbon
1236,Willett Family Estate 14yo Bourbon,8.86,3,6,Bourbon-like,R2,USA,Bourbon
1237,Eagle Rare 17yo,8.85,15,6,Bourbon-like,R1,USA,Bourbon
1238,Smooth Ambler Old Scout Single Barrel Bourbon,8.85,7,4,Bourbon-like,R1,USA,Bourbon
1239,W.L. Weller 12yo,8.85,17,5,Bourbon-like,R0,USA,Bourbon
1240,Wild Turkey Kentucky Spirit Single Barrel,8.85,14,3,Bourbon-like,R2,USA,Bourbon
1241,Angel's Envy Cask Strength,8.84,10,6,Bourbon-like,R2,USA,Bourbon
1242,Booker's Small Batch Straight Bourbon,8.84,21,3,Bourbon-like,R2,USA,Bourbon
1243,Colonel EH Taylor Single Barrel,8.84,9,4,Bourbon-like,R1,USA,Bourbon
1244,Jefferson's 18yo Presidential Select,8.82,9,6,Bourbon-like,R3,USA,Bourbon
1245,Old Forester 1920 Prohibition Style,8.81,5,4,Bourbon-like,R2,USA,Bourbon
1246,Pappy Van Winkle Family Reserve Bourbon 23yo,8.81,6,6,Bourbon-like,R0,USA,Bourbon
1247,Willett Family Estate 11yo Bourbon,8.81,5,6,Bourbon-like,R2,USA,Bourbon
1248,Maker's Mark Cask Strength,8.8,14,4,Bourbon-like,R0,USA,Bourbon
1249,Parkeräó»s Heritage 8th 13yo Wheat Whiskey,8.8,9,6,Bourbon-like,R0,USA,Bourbon
1250,Wild Turkey 14yo Tradition,8.8,5,5,Bourbon-like,R2,USA,Bourbon
1251,J.P. Wiser's Last Barrels,8.79,11,3,Bourbon-like,N,Canada,Blend
1252,Michter's 10yo Single Barrel Bourbon,8.79,11,6,Bourbon-like,R1,USA,Bourbon
1253,Wild Turkey Diamond Anniversary,8.79,7,5,Bourbon-like,R2,USA,Bourbon
1254,Bakeräó»s Kentucky Straight Bourbon 7yo,8.78,21,3,Bourbon-like,R2,USA,Bourbon
1255,Knob Creek Single Barrel Reserve Bourbon,8.78,14,3,Bourbon-like,R2,USA,Bourbon
1256,Old Forester Birthday (2012-2016),8.77,12,5,Bourbon-like,R2,USA,Bourbon
1257,Russell's Reserve Single Barrel,8.76,9,4,Bourbon-like,R2,USA,Bourbon
1258,Willett Family Estate 13yo Bourbon,8.76,3,6,Bourbon-like,R2,USA,Bourbon
1259,Henry McKenna 10yo Single Barrel BiB,8.75,12,2,Bourbon-like,R1,USA,Bourbon
1260,Jefferson's Ocean Aged at Sea,8.75,4,4,Bourbon-like,R3,USA,Bourbon
1261,"Buffalo Trace Experimental Collection 12yo floor #1 (rye, 2014)",8.74,3,5,Bourbon-like,R1,USA,Bourbon
1262,Blanton's Gold Kentucky Straight Bourbon,8.73,16,4,Bourbon-like,R2,USA,Bourbon
1263,Elmer T. Lee Single Barrel Bourbon,8.73,15,3,Bourbon-like,R2,USA,Bourbon
1264,Orphan Barrel Barterhouse Bourbon 20yo,8.73,14,5,Bourbon-like,R1,USA,Bourbon
1265,Yellowstone 2016 Limited Edition,8.73,3,5,Bourbon-like,R3,USA,Bourbon
1266,Old Weller Antique 107,8.71,15,2,Bourbon-like,R0,USA,Bourbon
1267,Wild Turkey Rare Breed,8.71,20,3,Bourbon-like,R2,USA,Bourbon
1268,Woodford Reserve Double Oaked,8.71,14,4,Bourbon-like,R2,USA,Bourbon
1269,Barton 1792 Full Proof Bourbon,8.7,6,3,Bourbon-like,R2,USA,Bourbon
1270,Elijah Craig 18yo,8.7,12,5,Bourbon-like,R1,USA,Bourbon
1271,Four Roses Single Barrel Bourbon,8.7,21,3,Bourbon-like,R3,USA,Bourbon
1272,Barton 1792 Single Barrel Bourbon,8.68,5,3,Bourbon-like,R2,USA,Bourbon
1273,Van Winkle Special Reserve 12yo Lot B,8.68,9,6,Bourbon-like,R0,USA,Bourbon
1274,Barton 1792 High Rye Bourbon,8.67,4,3,Bourbon-like,R3,USA,Bourbon
1275,Evan Williams Single Barrel,8.67,18,2,Bourbon-like,R1,USA,Bourbon
1276,Elijah Craig 12yo,8.66,24,2,Bourbon-like,R1,USA,Bourbon
1277,Maker's Mark 46,8.66,21,3,Bourbon-like,R0,USA,Bourbon
1278,Barton 1792 Sweet Wheat Bourbon,8.65,8,4,Bourbon-like,R0,USA,Bourbon
1279,Blanton's Single Barrel Bourbon,8.65,22,3,Bourbon-like,R2,USA,Bourbon
1280,Jim Beam Single Barrel,8.64,4,2,Bourbon-like,R2,USA,Bourbon
1281,Old Grand-Dad Bourbon 114,8.63,12,2,Bourbon-like,R3,USA,Bourbon
1282,Willett Pot Still Reserve,8.63,9,3,Bourbon-like,R2,USA,Bourbon
1283,Colonel EH Taylor Small Batch (BiB),8.62,14,4,Bourbon-like,R1,USA,Bourbon
1284,Eagle Rare 10yo,8.6,24,2,Bourbon-like,R1,USA,Bourbon
1285,Knob Creek Small Batch 9yo Bourbon,8.6,23,2,Bourbon-like,R2,USA,Bourbon
1286,Stranahan's Colorado Whiskey,8.6,14,4,Bourbon-like,R0,USA,Bourbon
1287,Ancient Age 10yo Kentucky Straight Bourbon,8.59,5,0,Bourbon-like,R2,USA,Bourbon
1288,Corner Creek Reserve Bourbon,8.59,8,2,Bourbon-like,R2,USA,Bourbon
1289,Jack Daniel's Master Distiller (all series),8.59,5,2,Bourbon-like,R1,USA,Bourbon
1290,Buffalo Trace Bourbon,8.57,24,2,Bourbon-like,R1,USA,Bourbon
1291,Jefferson's Reserve Very Old Kentucky Straight Bourbon,8.57,8,3,Bourbon-like,R3,USA,Bourbon
1292,Koval Single Barrel Bourbon,8.57,8,3,Bourbon-like,R0,USA,Bourbon
1293,Koval Single Barrel Four Grain,8.57,5,4,Bourbon-like,R0,USA,Grain
1294,Russell's Reserve Small Batch 10yo Bourbon,8.57,15,2,Bourbon-like,R2,USA,Bourbon
1295,Ezra Brooks 7yo Old Ezra 101,8.56,4,2,Bourbon-like,R1,USA,Bourbon
1296,Bulleit Bourbon Barrel Strength,8.55,9,4,Bourbon-like,R3,USA,Bourbon
1297,Stagg Jr (all batches),8.54,19,4,Bourbon-like,R1,USA,Bourbon
1298,Barton 1792 Port Finished Bourbon,8.53,8,3,Bourbon-like,R2,USA,Bourbon
1299,Barton 1792 Small Batch Bourbon,8.53,18,2,Bourbon-like,R2,USA,Bourbon
1300,FEW Bourbon,8.53,10,3,Bourbon-like,R3,USA,Bourbon
1301,Jefferson's Ocean,8.53,6,2,Bourbon-like,R3,USA,Bourbon
1302,Willett Family Estate 9yo Bourbon,8.53,4,4,Bourbon-like,R2,USA,Bourbon
1303,Jim Beam 12yo Signature Craft,8.51,11,2,Bourbon-like,R2,USA,Bourbon
1304,Four Roses Small Batch Bourbon,8.5,16,2,Bourbon-like,R3,USA,Bourbon
1305,Smooth Ambler Old Scout 7yo Bourbon,8.5,12,3,Bourbon-like,R3,USA,Bourbon
1306,Bulleit 10yo,8.49,16,3,Bourbon-like,R3,USA,Bourbon
1307,Jim Beam Distillers Masterpiece PX Sherry Cask Finish,8.49,6,5,Bourbon-like,R2,USA,Bourbon
1308,Jack Daniel's Single Barrel,8.48,17,3,Bourbon-like,R1,USA,Bourbon
1309,Jim Beam Bonded,8.47,11,2,Bourbon-like,R2,USA,Bourbon
1310,Parkeräó»s Heritage 9th 8yo Malt Whiskey,8.47,6,5,Bourbon-like,R1,USA,Bourbon
1311,Angel's Envy Bourbon (Port-finished),8.46,15,3,Bourbon-like,R2,USA,Bourbon
1312,Wild Turkey Forgiven,8.46,9,3,Bourbon-like,R2,USA,Bourbon
1313,Bernheim Original Straight Wheat 7yo Small Batch,8.45,19,2,Bourbon-like,R0,USA,Wheat
1314,Michter's Small Batch US*1 Bourbon,8.45,14,3,Bourbon-like,R1,USA,Bourbon
1315,Wild Turkey 101 Bourbon,8.44,22,2,Bourbon-like,R2,USA,Bourbon
1316,Smooth Ambler Contradiction Bourbon,8.43,4,4,Bourbon-like,R2,USA,Bourbon
1317,Michter's Toasted Barrel,8.42,6,4,Bourbon-like,R1,USA,Bourbon
1318,Old Grand-Dad Bourbon 100 BiB,8.4,11,2,Bourbon-like,R3,USA,Bourbon
1319,Very Old Barton 6yo BiB,8.4,5,2,Bourbon-like,R2,USA,Bourbon
1320,Old Fitzgerald Kentucky Straight Bourbon,8.39,6,2,Bourbon-like,R0,USA,Bourbon
1321,Old Forester Signature (100 Proof),8.39,10,2,Bourbon-like,R2,USA,Bourbon
1322,Very Old Barton 6yo,8.39,8,0,Bourbon-like,R2,USA,Bourbon
1323,W.L. Weller Special Reserve,8.39,13,0,Bourbon-like,R0,USA,Bourbon
1324,Woodford Reserve Distiller's Select,8.39,22,2,Bourbon-like,R2,USA,Bourbon
1325,Smooth Ambler Old Scout 10yo Bourbon,8.38,4,4,Bourbon-like,R3,USA,Bourbon
1326,Stagg Jr (batches 1-2),8.38,15,4,Bourbon-like,R1,USA,Bourbon
1327,Basil Haydenäó»s Kentucky Bourbon,8.37,17,3,Bourbon-like,R3,USA,Bourbon
1328,Bulleit Bourbon,8.37,24,2,Bourbon-like,R3,USA,Bourbon
1329,Heaven Hill 6yo BiB,8.37,8,0,Bourbon-like,R1,USA,Bourbon
1330,Parkeräó»s Heritage 10th 24yo Kentucky Straight Bourbon,8.36,7,6,Bourbon-like,R1,USA,Bourbon
1331,Larceny Small Batch Bourbon,8.35,11,2,Bourbon-like,R0,USA,Bourbon
1332,Yellowstone 2015 Limited Edition,8.35,4,5,Bourbon-like,R3,USA,Bourbon
1333,Old Forester 1870 Original Batch,8.34,3,3,Bourbon-like,R2,USA,Bourbon
1334,Balcones Baby Blue,8.32,11,4,Bourbon-like,R0,USA,Whiskey
1335,Evan Williams Bottled in Bond (White label),8.31,12,0,Bourbon-like,R1,USA,Bourbon
1336,High West American Prairie,8.3,7,3,Bourbon-like,R3,USA,Bourbon
1337,Elijah Craig Small Batch (NAS),8.28,4,2,Bourbon-like,R1,USA,Bourbon
1338,Michter's Sour Mash,8.28,3,3,Bourbon-like,R1,USA,Bourbon
1339,Old Forester 1897 BiB,8.27,5,3,Bourbon-like,R2,USA,Bourbon
1340,George Dickel No.12,8.25,18,2,Bourbon-like,R1,USA,Bourbon
1341,Jim Beam Black Label,8.24,16,0,Bourbon-like,R2,USA,Bourbon
1342,Maker's Mark,8.23,26,2,Bourbon-like,R0,USA,Bourbon
1343,Bib & Tucker 6yo Bourbon,8.22,4,3,Bourbon-like,R3,USA,Bourbon
1344,Four Roses (Yellow Label),8.2,12,0,Bourbon-like,R3,USA,Bourbon
1345,Evan Williams (Black Label),8.19,16,0,Bourbon-like,R1,USA,Bourbon
1346,Jim Beam Double Oak,8.19,7,2,Bourbon-like,R2,USA,Bourbon
1347,Heaven Hill Trybox Series New Make,8.18,3,0,Bourbon-like,R1,USA,Bourbon
1348,Evan Williams 1783 Small Batch,8.17,4,0,Bourbon-like,R1,USA,Bourbon
1349,Koval Single Barrel Millet Whiskey,8.17,5,3,Bourbon-like,R0,USA,Grain
1350,Yellowstone Select,8.16,5,3,Bourbon-like,R3,USA,Bourbon
1351,Blanton's Special Reserve,8.14,6,3,Bourbon-like,R2,USA,Bourbon
1352,Tincup American Whiskey,8.14,8,2,Bourbon-like,R3,USA,Bourbon
1353,Old Forester,8.09,12,2,Bourbon-like,R2,USA,Bourbon
1354,Wild Turkey 81 Bourbon,8.09,16,0,Bourbon-like,R2,USA,Bourbon
1355,Jim Beam Devil's Cut,8.08,17,0,Bourbon-like,R2,USA,Bourbon
1356,Henry McKenna Straight Bourbon,8.07,3,0,Bourbon-like,R1,USA,Bourbon
1357,Jack Daniel's No. 27 Gold Double Barrelled,8.05,3,4,Bourbon-like,R1,USA,Bourbon
1358,66 Gilead The Wild Oak,8.02,6,2,Bourbon-like,N,Canada,Blend
1359,Old Grand-Dad Bourbon (80/86 Proof),8,12,2,Bourbon-like,R3,USA,Bourbon
1360,Jack Daniel's Old No. 7,7.95,16,2,Bourbon-like,R1,USA,Bourbon
1361,Mellow Corn BiB,7.93,14,0,Bourbon-like,R1,USA,Bourbon
1362,Old Fitzgerald BiB,7.93,7,3,Bourbon-like,R0,USA,Bourbon
1363,Jefferson's Very Small Batch Bourbon,7.92,8,2,Bourbon-like,R3,USA,Bourbon
1364,Redemption High Rye Bourbon,7.92,5,2,Bourbon-like,R3,USA,Bourbon
1365,Smooth Ambler Old Scout Yearling Bourbon,7.88,3,3,Bourbon-like,R0,USA,Bourbon
1366,Ezra Brooks Black Label,7.86,5,0,Bourbon-like,R1,USA,Bourbon
1367,Jack Daniel's Gentleman Jack,7.86,14,2,Bourbon-like,R1,USA,Bourbon
1368,Heaven Hill Old Syle Bourbon (white label),7.85,5,0,Bourbon-like,R1,USA,Bourbon
1369,Ancient Age Kentucky Straight Bourbon,7.81,8,0,Bourbon-like,R2,USA,Bourbon
1370,Ezra B 12yo Single Barrel,7.7,4,3,Bourbon-like,R1,USA,Bourbon
1371,Jim Beam Distillers Series,7.69,4,2,Bourbon-like,R2,USA,Bourbon
1372,Jim Beam White Label,7.67,19,0,Bourbon-like,R2,USA,Bourbon
1373,Rebel Yell Kentucky Bourbon,7.47,12,0,Bourbon-like,R0,USA,Bourbon
1374,Jim Beam Red Stag (Black Cherry),7.44,4,0,Bourbon-like,N,USA,Flavoured
1375,Virginia Black,7.38,6,2,Bourbon-like,R2,USA,Bourbon
1376,Yellowstone Limited Edition (all vintages),6.19,4,5,Bourbon-like,R3,USA,Bourbon